OriginalUser,Module,NumOfTrnData,NumOfTstData,NumOfAttData,NumOfAtt,FRR_trn,FRRConf_trn,NumOfUnlocks_trn,FRR_tst,FRRConf_tst,NumOfUnlocks_tst,FAR,NumOfAcceptTL,NumOfAcceptS,NumOfAcceptG
b0602fr,acc,523.0,220,24850,51,0.036328871892925434,0.0,0.0,0.05909090909090909,0.0,0.0,0.6695723272733898,168.6078431372549,168.6078431372549,0.0
b0602fr,swp,1401.0,599,44902,51,0.08565310492505353,0.0,0.0,0.20534223706176963,0.0,0.0,0.6064825318577778,316.84313725490193,0.0,316.84313725490193
b0602fr,tap,0.0,0,0,0,,,,,,,,,,
b0602fr,all,,819,69752,51,,,,0.16605616605616605,0.0,0.0,0.6028502660960067,290.4117647058824,99.07843137254902,191.33333333333334
ipuyiii,acc,111.0,48,25434,51,0.16216216216216217,0.0,0.0,0.20833333333333334,0.0,0.0,0.1481541714950701,5.784313725490196,5.784313725490196,0.0
ipuyiii,swp,262.0,111,46529,51,0.16793893129770993,0.0,0.0,0.26126126126126126,0.0,0.0,0.016193177414503525,3.843137254901961,0.0,3.843137254901961
ipuyiii,tap,0.0,0,0,0,,,,,,,,,,
ipuyiii,all,,159,71963,51,,,,0.24528301886792453,0.0,0.0,0.05575076993453157,3.4705882352941178,0.5490196078431373,2.9215686274509802
508rk86,acc,337.0,144,25112,51,0.08902077151335312,0.0,0.0,0.7361111111111112,0.2777777777777778,40.0,0.7214524214991181,168.50980392156862,168.50980392156862,0.0
508rk86,swp,374.0,159,46369,51,0.13368983957219252,0.0,0.0,0.5157232704402516,0.1320754716981132,21.0,0.7663193676198693,544.0,0.0,544.0
508rk86,tap,0.0,0,0,0,,,,,,,,,,
508rk86,all,,303,71481,51,,,,0.6204620462046204,0.19141914191419143,58.0,0.7537968710090459,495.05882352941177,198.15686274509804,296.9019607843137
r13q05q,acc,689.0,278,24626,51,0.02467343976777939,0.001451378809869376,1.0,0.24100719424460432,0.1079136690647482,30.0,0.004173266419565946,2.0,2.0,0.0
r13q05q,swp,262.0,111,46529,51,0.10305343511450382,0.0,0.0,0.11711711711711711,0.0,0.0,0.19641358531134456,5.509803921568627,0.0,5.509803921568627
r13q05q,tap,0.0,0,0,0,,,,,,,,,,
r13q05q,all,,389,71155,51,,,,0.20565552699228792,0.05912596401028278,23.0,0.12410776925769938,4.352941176470588,0.6274509803921569,3.7254901960784315
sxvkh3b,acc,444.0,185,24964,51,0.04054054054054054,0.0,0.0,0.10810810810810811,0.010810810810810811,2.0,0.6978863015876252,176.09803921568627,176.09803921568627,0.0
sxvkh3b,swp,1073.0,459,45370,51,0.14165890027958994,0.0027958993476234857,3.0,0.06535947712418301,0.0,0.0,0.6081176192572675,244.54901960784315,0.0,244.54901960784315
sxvkh3b,tap,0.0,0,0,0,,,,,,,,,,
sxvkh3b,all,,644,70334,51,,,,0.07763975155279502,0.003105590062111801,2.0,0.6247787582014102,355.84313725490193,108.68627450980392,247.15686274509804
uui53he,acc,253.0,109,25231,51,0.08300395256916997,0.0,0.0,0.06422018348623854,0.0,0.0,0.6582860002319723,174.11764705882354,174.11764705882354,0.0
uui53he,swp,576.0,246,46080,51,0.1579861111111111,0.006944444444444444,4.0,0.483739837398374,0.06097560975609756,15.0,0.2762873164487348,17.215686274509803,0.0,17.215686274509803
uui53he,tap,0.0,0,0,0,,,,,,,,,,
uui53he,all,,355,71311,51,,,,0.35492957746478876,0.03380281690140845,12.0,0.40552469039756395,29.784313725490197,9.196078431372548,20.58823529411765
l3rcqx4,acc,90.0,32,25471,51,0.24444444444444444,0.011111111111111112,1.0,0.3125,0.0,0.0,0.11873169875547725,6.392156862745098,6.392156862745098,0.0
l3rcqx4,swp,573.0,244,46085,51,0.1518324607329843,0.010471204188481676,6.0,0.21311475409836064,0.00819672131147541,2.0,0.48021716150911786,117.05882352941177,0.0,117.05882352941177
l3rcqx4,tap,0.0,0,0,0,,,,,,,,,,
l3rcqx4,all,,276,71556,51,,,,0.2246376811594203,0.007246376811594203,2.0,0.3504333719636177,27.58823529411765,6.392156862745098,21.19607843137255
0sqy7ba,acc,769.0,159,24665,51,0.032509752925877766,0.0,0.0,0.006289308176100629,0.0,0.0,0.07071636342232825,4.0,4.0,0.0
0sqy7ba,swp,285.0,120,46497,51,0.15087719298245614,0.0,0.0,0.16666666666666666,0.0,0.0,0.20447650828136837,5.431372549019608,0.0,5.431372549019608
0sqy7ba,tap,0.0,0,0,0,,,,,,,,,,
0sqy7ba,all,,279,71162,51,,,,0.07526881720430108,0.0,0.0,0.15279086896027733,4.2745098039215685,0.9215686274509803,3.3529411764705883
w8f2wrs,acc,637.0,258,24698,51,0.0423861852433281,0.0,0.0,0.09689922480620156,0.0,0.0,0.29684327296465324,113.3921568627451,113.3921568627451,0.0
w8f2wrs,swp,368.0,156,46378,51,0.19021739130434784,0.0,0.0,0.21153846153846154,0.00641025641025641,1.0,0.4523961829190877,76.2156862745098,0.0,76.2156862745098
w8f2wrs,tap,0.0,0,0,0,,,,,,,,,,
w8f2wrs,all,,414,71076,51,,,,0.14009661835748793,0.0,0.0,0.4259177527496007,49.13725490196079,25.627450980392158,23.50980392156863
ap1oez8,acc,134.0,57,25402,51,0.11194029850746269,0.0,0.0,0.6842105263157895,0.19298245614035087,11.0,0.1836911495297366,13.372549019607844,13.372549019607844,0.0
ap1oez8,swp,239.0,101,46562,51,0.1506276150627615,0.0,0.0,0.27722772277227725,0.0,0.0,0.18669839049554737,9.529411764705882,0.0,9.529411764705882
ap1oez8,tap,0.0,0,0,0,,,,,,,,,,
ap1oez8,all,,158,71964,51,,,,0.4240506329113924,0.06329113924050633,10.0,0.18160103893639848,6.431372549019608,0.803921568627451,5.627450980392157
y2opfq8,acc,368.0,158,25067,51,0.08423913043478261,0.0,0.0,0.5063291139240507,0.0759493670886076,12.0,0.06774601521035986,8.607843137254902,8.607843137254902,0.0
y2opfq8,swp,286.0,121,46495,51,0.17482517482517482,0.0034965034965034965,1.0,0.2892561983471074,0.0,0.0,0.09485848050165484,4.627450980392157,0.0,4.627450980392157
y2opfq8,tap,0.0,0,0,0,,,,,,,,,,
y2opfq8,all,,279,71562,51,,,,0.4121863799283154,0.03942652329749104,11.0,0.09913346023102285,4.078431372549019,0.5686274509803921,3.5098039215686274
yqhebyt,acc,652.0,274,24667,51,0.03374233128834356,0.0015337423312883436,1.0,0.032846715328467155,0.0,0.0,0.10266075600189471,5.2745098039215685,5.2745098039215685,0.0
yqhebyt,swp,1401.0,599,44902,51,0.11563169164882227,0.0021413276231263384,3.0,0.4774624373956594,0.1335559265442404,80.0,0.14253137345126152,6.235294117647059,0.0,6.235294117647059
yqhebyt,tap,0.0,0,0,0,,,,,,,,,,
yqhebyt,all,,873,69569,51,,,,0.33791523482245134,0.09163802978235967,80.0,0.13752189332463846,5.568627450980392,0.6862745098039216,4.882352941176471
aqq25vq,acc,536.0,222,24835,51,0.03917910447761194,0.0,0.0,0.3063063063063063,0.07207207207207207,16.0,0.48475309241386205,74.88235294117646,74.88235294117646,0.0
aqq25vq,swp,895.0,382,45625,51,0.14748603351955308,0.0,0.0,0.21465968586387435,0.0,0.0,0.42440042116451604,70.92156862745098,0.0,70.92156862745098
aqq25vq,tap,0.0,0,0,0,,,,,,,,,,
aqq25vq,all,,604,70460,51,,,,0.24834437086092714,0.02152317880794702,13.0,0.4270542897706433,54.588235294117645,14.941176470588236,39.64705882352941
7nv0i9p,acc,271.0,113,25209,51,0.08856088560885608,0.0,0.0,0.061946902654867256,0.0,0.0,0.361783931995288,35.8235294117647,35.8235294117647,0.0
7nv0i9p,swp,336.0,142,46424,51,0.12202380952380952,0.0,0.0,0.20422535211267606,0.0,0.0,0.2463550235802411,9.196078431372548,0.0,9.196078431372548
7nv0i9p,tap,0.0,0,0,0,,,,,,,,,,
7nv0i9p,all,,255,71633,51,,,,0.1411764705882353,0.0,0.0,0.2674388289309568,9.92156862745098,2.1176470588235294,7.803921568627451
d99p79w,acc,733.0,217,24643,51,0.06412005457025921,0.009549795361527967,7.0,0.22119815668202766,0.055299539170506916,12.0,0.05935649628360208,17.54901960784314,17.54901960784314,0.0
d99p79w,swp,315.0,133,46454,51,0.1492063492063492,0.0031746031746031746,1.0,0.17293233082706766,0.0,0.0,0.6402837826195574,276.3333333333333,0.0,276.3333333333333
d99p79w,tap,0.0,0,0,0,,,,,,,,,,
d99p79w,all,,350,71097,51,,,,0.20285714285714285,0.03428571428571429,12.0,0.4432642554209464,35.568627450980394,7.627450980392157,27.941176470588236
lm8ujtt,acc,349.0,143,25101,51,0.1318051575931232,0.011461318051575931,4.0,0.3986013986013986,0.055944055944055944,8.0,0.06278859117776742,2.8627450980392157,2.8627450980392157,0.0
lm8ujtt,swp,545.0,232,46125,51,0.12293577981651377,0.003669724770642202,2.0,0.1896551724137931,0.017241379310344827,4.0,0.22106407479278095,15.098039215686274,0.0,15.098039215686274
lm8ujtt,tap,0.0,0,0,0,,,,,,,,,,
lm8ujtt,all,,375,71226,51,,,,0.2693333333333333,0.029333333333333333,11.0,0.15116330054598234,4.96078431372549,0.7450980392156863,4.215686274509804
677l8bq,acc,153.0,58,25382,51,0.19607843137254902,0.0196078431372549,3.0,0.6896551724137931,0.15517241379310345,9.0,0.1576356598147413,8.392156862745098,8.392156862745098,0.0
677l8bq,swp,331.0,140,46431,51,0.1027190332326284,0.0,0.0,0.37142857142857144,0.04285714285714286,6.0,0.40381163125224173,49.86274509803921,0.0,49.86274509803921
677l8bq,tap,0.0,0,0,0,,,,,,,,,,
677l8bq,all,,198,71813,51,,,,0.46464646464646464,0.08080808080808081,16.0,0.3082645892394626,15.254901960784315,2.588235294117647,12.666666666666666
szmkl5t,acc,231.0,98,25264,51,0.0735930735930736,0.0,0.0,0.02040816326530612,0.0,0.0,0.43899289054616064,49.68627450980392,49.68627450980392,0.0
szmkl5t,swp,401.0,170,46331,51,0.16209476309226933,0.0,0.0,0.12941176470588237,0.0,0.0,0.31974229626203027,54.411764705882355,0.0,54.411764705882355
szmkl5t,tap,0.0,0,0,0,,,,,,,,,,
szmkl5t,all,,268,71595,51,,,,0.08955223880597014,0.0,0.0,0.350848677822314,67.45098039215686,19.725490196078432,47.72549019607843
855whqe,acc,131.0,49,25413,51,0.21374045801526717,0.007633587786259542,1.0,0.4897959183673469,0.08163265306122448,4.0,0.04004664171533905,4.0588235294117645,4.0588235294117645,0.0
855whqe,swp,525.0,224,46153,51,0.12571428571428572,0.0038095238095238095,2.0,0.10714285714285714,0.0,0.0,0.16172578855004488,8.176470588235293,0.0,8.176470588235293
855whqe,tap,0.0,0,0,0,,,,,,,,,,
855whqe,all,,273,71566,51,,,,0.17582417582417584,0.003663003663003663,1.0,0.11953321096604082,5.2745098039215685,0.9411764705882353,4.333333333333333
qa94pwy,acc,192.0,80,25321,51,0.11979166666666667,0.005208333333333333,1.0,0.3625,0.1125,9.0,0.42894759524501636,60.19607843137255,60.19607843137255,0.0
qa94pwy,swp,306.0,130,46466,51,0.13725490196078433,0.0,0.0,0.13076923076923078,0.0,0.0,0.6320164565446876,251.01960784313727,0.0,251.01960784313727
qa94pwy,tap,0.0,0,0,0,,,,,,,,,,
qa94pwy,all,,210,71787,51,,,,0.21904761904761905,0.014285714285714285,3.0,0.5486463572656511,117.56862745098039,35.05882352941177,82.50980392156863
pv8zc9h,acc,122.0,48,25423,51,0.16393442622950818,0.00819672131147541,1.0,0.16666666666666666,0.0,0.0,0.08272829705427394,4.7254901960784315,4.7254901960784315,0.0
pv8zc9h,swp,254.0,108,46540,51,0.13385826771653545,0.0,0.0,0.10185185185185185,0.0,0.0,0.3931389384714209,57.529411764705884,0.0,57.529411764705884
pv8zc9h,tap,0.0,0,0,0,,,,,,,,,,
pv8zc9h,all,,156,71963,51,,,,0.12179487179487179,0.0,0.0,0.2715756755084888,25.294117647058822,5.823529411764706,19.470588235294116
otu8x88,acc,187.0,77,25329,51,0.09090909090909091,0.016042780748663103,3.0,0.07792207792207792,0.012987012987012988,1.0,0.12236751860912409,9.411764705882353,9.411764705882353,0.0
otu8x88,swp,345.0,146,46411,51,0.11594202898550725,0.005797101449275362,2.0,0.03424657534246575,0.0,0.0,0.29634870162533655,42.529411764705884,0.0,42.529411764705884
otu8x88,tap,0.0,0,0,0,,,,,,,,,,
otu8x88,all,,223,71740,51,,,,0.04932735426008968,0.004484304932735426,1.0,0.23813608748291787,14.0,2.4313725490196076,11.568627450980392
n0g0zsv,acc,740.0,201,24652,51,0.04054054054054054,0.0,0.0,0.05472636815920398,0.0,0.0,0.04143487319202477,2.450980392156863,2.450980392156863,0.0
n0g0zsv,swp,545.0,232,46125,51,0.12477064220183487,0.0,0.0,0.20689655172413793,0.004310344827586207,1.0,0.36752979654193735,23.07843137254902,0.0,23.07843137254902
n0g0zsv,tap,0.0,0,0,0,,,,,,,,,,
n0g0zsv,all,,433,70777,51,,,,0.13625866050808313,0.0023094688221709007,1.0,0.2546765609617491,9.294117647058824,0.9803921568627451,8.313725490196079
7f0qwx8,acc,178.0,76,25339,51,0.07865168539325842,0.0,0.0,0.11842105263157894,0.02631578947368421,2.0,0.15962507999287964,13.686274509803921,13.686274509803921,0.0
7f0qwx8,swp,315.0,133,46454,51,0.1492063492063492,0.0031746031746031746,1.0,0.38345864661654133,0.03759398496240601,5.0,0.05123127127444697,4.117647058823529,0.0,4.117647058823529
7f0qwx8,tap,0.0,0,0,0,,,,,,,,,,
7f0qwx8,all,,209,71793,51,,,,0.28708133971291866,0.028708133971291867,6.0,0.08582509492007914,5.450980392156863,1.7254901960784315,3.7254901960784315
cn1lmwf,acc,224.0,94,25275,51,0.05803571428571429,0.0,0.0,0.05319148936170213,0.0,0.0,0.37146020538622776,55.8235294117647,55.8235294117647,0.0
cn1lmwf,swp,264.0,112,46526,51,0.16666666666666666,0.0,0.0,0.20535714285714285,0.0,0.0,0.10734188334218371,5.803921568627451,0.0,5.803921568627451
cn1lmwf,tap,0.0,0,0,0,,,,,,,,,,
cn1lmwf,all,,206,71801,51,,,,0.13592233009708737,0.0,0.0,0.19408196211931608,8.27450980392157,2.5098039215686274,5.764705882352941
52cxxgh,acc,168.0,66,25359,51,0.10714285714285714,0.0,0.0,0.10606060606060606,0.0,0.0,0.40390698729358265,28.647058823529413,28.647058823529413,0.0
52cxxgh,swp,323.0,137,46442,51,0.09597523219814241,0.0,0.0,0.2846715328467153,0.0,0.0,0.6172287847859307,176.50980392156862,0.0,176.50980392156862
52cxxgh,tap,0.0,0,0,0,,,,,,,,,,
52cxxgh,all,,203,71801,51,,,,0.22660098522167488,0.0049261083743842365,1.0,0.5289671152220028,68.13725490196079,20.901960784313726,47.23529411764706
3zd4fdk,acc,511.0,215,24867,51,0.07045009784735812,0.0019569471624266144,1.0,0.12558139534883722,0.0,0.0,0.12177315554580974,7.627450980392157,7.627450980392157,0.0
3zd4fdk,swp,1401.0,599,44902,51,0.1256245538900785,0.0,0.0,0.08514190317195326,0.0,0.0,0.20834706346453957,23.15686274509804,0.0,23.15686274509804
3zd4fdk,tap,0.0,0,0,0,,,,,,,,,,
3zd4fdk,all,,814,69769,51,,,,0.09582309582309582,0.0,0.0,0.17551095510298909,9.235294117647058,2.372549019607843,6.862745098039215
ha3ev43,acc,180.0,67,25346,51,0.18888888888888888,0.011111111111111112,2.0,0.417910447761194,0.08955223880597014,6.0,0.3981589209480347,45.705882352941174,45.705882352941174,0.0
ha3ev43,swp,417.0,177,46308,51,0.1774580335731415,0.002398081534772182,1.0,0.1807909604519774,0.005649717514124294,1.0,0.5827217930446559,197.6078431372549,0.0,197.6078431372549
ha3ev43,tap,0.0,0,0,0,,,,,,,,,,
ha3ev43,all,,244,71654,51,,,,0.2459016393442623,0.01639344262295082,4.0,0.4966836846565355,171.54901960784315,48.411764705882355,123.13725490196079
v90gnf6,acc,514.0,214,24865,51,0.048638132295719845,0.0,0.0,0.02336448598130841,0.0,0.0,0.8059483315334076,313.921568627451,313.921568627451,0.0
v90gnf6,swp,1401.0,599,44902,51,0.1377587437544611,0.0028551034975017845,4.0,0.46243739565943237,0.01669449081803005,10.0,0.2954755815938241,74.09803921568627,0.0,74.09803921568627
v90gnf6,tap,0.0,0,0,0,,,,,,,,,,
v90gnf6,all,,813,69767,51,,,,0.34686346863468637,0.01107011070110701,9.0,0.47070867199141614,134.4313725490196,41.84313725490196,92.58823529411765
b8g4bl5,acc,109.0,39,25445,51,0.1926605504587156,0.01834862385321101,2.0,0.46153846153846156,0.1282051282051282,5.0,0.04165055091711535,3.4705882352941178,3.4705882352941178,0.0
b8g4bl5,swp,283.0,120,46499,51,0.17314487632508835,0.007067137809187279,2.0,0.10833333333333334,0.0,0.0,0.18575447005256074,14.686274509803921,0.0,14.686274509803921
b8g4bl5,tap,0.0,0,0,0,,,,,,,,,,
b8g4bl5,all,,159,71944,51,,,,0.1949685534591195,0.018867924528301886,3.0,0.13442060582789028,7.313725490196078,1.2156862745098038,6.098039215686274
z8taipm,acc,506.0,217,24870,51,0.03557312252964427,0.0,0.0,0.1336405529953917,0.0,0.0,0.2688595560712158,24.80392156862745,24.80392156862745,0.0
z8taipm,swp,1401.0,599,44902,51,0.11349036402569593,0.0028551034975017845,4.0,0.22203672787979967,0.008347245409015025,5.0,0.5699414680254791,158.7450980392157,0.0,158.7450980392157
z8taipm,tap,0.0,0,0,0,,,,,,,,,,
z8taipm,all,,816,69772,51,,,,0.19852941176470587,0.00857843137254902,7.0,0.4352357927000978,67.56862745098039,21.235294117647058,46.333333333333336
68n9ll,acc,506.0,209,24878,51,0.03359683794466403,0.0,0.0,0.03349282296650718,0.0,0.0,0.7401018170600556,242.5686274509804,242.5686274509804,0.0
68n9ll,swp,1401.0,599,44902,51,0.08565310492505353,0.0007137758743754461,1.0,0.330550918196995,0.018363939899833055,11.0,0.5303291001091578,141.8235294117647,0.0,141.8235294117647
68n9ll,tap,0.0,0,0,0,,,,,,,,,,
68n9ll,all,,808,69780,51,,,,0.2537128712871287,0.0049504950495049506,4.0,0.5959578606993261,229.5686274509804,82.27450980392157,147.2941176470588
3ypgstx,acc,388.0,153,25052,51,0.07474226804123711,0.0,0.0,0.0915032679738562,0.0,0.0,0.110103983160047,42.98039215686274,42.98039215686274,0.0
3ypgstx,swp,283.0,120,46499,51,0.0989399293286219,0.0,0.0,0.44166666666666665,0.05,6.0,0.21347273401954972,4.745098039215686,0.0,4.745098039215686
3ypgstx,tap,0.0,0,0,0,,,,,,,,,,
3ypgstx,all,,273,71551,51,,,,0.2454212454212454,0.018315018315018316,5.0,0.1920025533285645,9.019607843137255,5.137254901960785,3.8823529411764706
ta0ko40,acc,207.0,89,25297,51,0.15458937198067632,0.00966183574879227,2.0,0.2696629213483146,0.011235955056179775,1.0,0.371793421768311,34.21568627450981,34.21568627450981,0.0
ta0ko40,swp,499.0,213,46190,51,0.14428857715430862,0.002004008016032064,1.0,0.25821596244131456,0.009389671361502348,2.0,0.5226678816430274,146.62745098039215,0.0,146.62745098039215
ta0ko40,tap,0.0,0,0,0,,,,,,,,,,
ta0ko40,all,,302,71487,51,,,,0.26158940397350994,0.016556291390728478,5.0,0.45841628789642813,75.2156862745098,21.50980392156863,53.705882352941174
lvwfjft,acc,163.0,63,25367,51,0.147239263803681,0.0,0.0,0.14285714285714285,0.0,0.0,0.6610268833107584,197.07843137254903,197.07843137254903,0.0
lvwfjft,swp,254.0,108,46540,51,0.1220472440944882,0.0,0.0,0.7314814814814815,0.25,27.0,0.5107007757800877,75.43137254901961,0.0,75.43137254901961
lvwfjft,tap,0.0,0,0,0,,,,,,,,,,
lvwfjft,all,,171,71907,51,,,,0.5146198830409356,0.14035087719298245,24.0,0.5357953062954448,116.2156862745098,37.05882352941177,79.15686274509804
9gykp6g,acc,429.0,182,24982,51,0.06293706293706294,0.0,0.0,0.06593406593406594,0.0,0.0,0.739787665693646,233.6078431372549,233.6078431372549,0.0
9gykp6g,swp,1401.0,599,44902,51,0.11848679514632406,0.0007137758743754461,1.0,0.22036727879799667,0.0,0.0,0.4356371805413534,159.2549019607843,0.0,159.2549019607843
9gykp6g,tap,0.0,0,0,0,,,,,,,,,,
9gykp6g,all,,781,69884,51,,,,0.18437900128040974,0.0,0.0,0.5211321521924349,221.3921568627451,69.19607843137256,152.19607843137254
56zi3vy,acc,198.0,80,25315,51,0.15656565656565657,0.0,0.0,0.4125,0.0875,7.0,0.1828887035994857,11.294117647058824,11.294117647058824,0.0
56zi3vy,swp,271.0,114,46517,51,0.16605166051660517,0.007380073800738007,2.0,0.24561403508771928,0.008771929824561403,1.0,0.3806805179219994,134.62745098039215,0.0,134.62745098039215
56zi3vy,tap,0.0,0,0,0,,,,,,,,,,
56zi3vy,all,,194,71832,51,,,,0.31443298969072164,0.02577319587628866,5.0,0.29648680298500396,25.764705882352942,7.117647058823529,18.647058823529413
ldg6zjk,acc,88.0,38,25467,51,0.19318181818181818,0.011363636363636364,1.0,0.34210526315789475,0.02631578947368421,1.0,0.25154069030480625,23.745098039215687,23.745098039215687,0.0
ldg6zjk,swp,386.0,164,46352,51,0.12953367875647667,0.0,0.0,0.27439024390243905,0.0,0.0,0.7025605869401652,481.5098039215686,0.0,481.5098039215686
ldg6zjk,tap,0.0,0,0,0,,,,,,,,,,
ldg6zjk,all,,202,71819,51,,,,0.2871287128712871,0.009900990099009901,2.0,0.5211143708790938,152.86274509803923,40.90196078431372,111.96078431372548
pxipu7n,acc,297.0,125,25171,51,0.12121212121212122,0.0,0.0,0.552,0.104,13.0,0.42590700557539524,55.80392156862745,55.80392156862745,0.0
pxipu7n,swp,399.0,170,46333,51,0.14035087719298245,0.0,0.0,0.27058823529411763,0.011764705882352941,2.0,0.4848525164154152,118.6078431372549,0.0,118.6078431372549
pxipu7n,tap,0.0,0,0,0,,,,,,,,,,
pxipu7n,all,,295,71504,51,,,,0.3898305084745763,0.04745762711864407,14.0,0.44615932069100805,99.13725490196079,26.470588235294116,72.66666666666667
txxrlzc,acc,508.0,218,24867,51,0.05708661417322835,0.0,0.0,0.0779816513761468,0.0,0.0,0.29284759793987475,27.88235294117647,27.88235294117647,0.0
txxrlzc,swp,1401.0,599,44902,51,0.11705924339757316,0.0,0.0,0.3088480801335559,0.00667779632721202,4.0,0.09606727616347494,4.921568627450981,0.0,4.921568627450981
txxrlzc,tap,0.0,0,0,0,,,,,,,,,,
txxrlzc,all,,817,69769,51,,,,0.24724602203182375,0.004895960832313341,4.0,0.15455427404202748,5.078431372549019,0.8627450980392157,4.215686274509804
jy3jmug,acc,131.0,51,25411,51,0.22137404580152673,0.015267175572519083,2.0,0.19607843137254902,0.0,0.0,0.24815089435244883,19.627450980392158,19.627450980392158,0.0
jy3jmug,swp,1183.0,506,45213,51,0.07692307692307693,0.0008453085376162299,1.0,0.10474308300395258,0.0,0.0,0.5471963503941367,127.49019607843137,0.0,127.49019607843137
jy3jmug,tap,0.0,0,0,0,,,,,,,,,,
jy3jmug,all,,557,70624,51,,,,0.11310592459605028,0.0,0.0,0.4362629794467685,60.1764705882353,16.11764705882353,44.05882352941177
ftk8v41,acc,278.0,118,25197,51,0.08992805755395683,0.0,0.0,0.3813559322033898,0.01694915254237288,2.0,0.45960835607661465,83.76470588235294,83.76470588235294,0.0
ftk8v41,swp,589.0,251,46062,51,0.11205432937181664,0.0,0.0,0.11553784860557768,0.0,0.0,0.7765341418177627,473.27450980392155,0.0,473.27450980392155
ftk8v41,tap,0.0,0,0,0,,,,,,,,,,
ftk8v41,all,,369,71259,51,,,,0.2005420054200542,0.0027100271002710027,1.0,0.6335861295531656,307.5882352941176,89.41176470588235,218.1764705882353
0o2grk2,acc,472.0,203,24918,51,0.07203389830508475,0.0,0.0,0.1921182266009852,0.0,0.0,0.2902084159664493,25.54901960784314,25.54901960784314,0.0
0o2grk2,swp,1125.0,481,45296,51,0.11733333333333333,0.0,0.0,0.12058212058212059,0.0,0.0,0.10297887171399243,6.470588235294118,0.0,6.470588235294118
0o2grk2,tap,0.0,0,0,0,,,,,,,,,,
0o2grk2,all,,684,70214,51,,,,0.14181286549707603,0.0,0.0,0.1546915914800732,7.450980392156863,2.0784313725490198,5.372549019607843
m8luyig,acc,271.0,114,25208,51,0.12177121771217712,0.0036900369003690036,1.0,0.35964912280701755,0.05263157894736842,6.0,0.02634006724147724,2.764705882352941,2.764705882352941,0.0
m8luyig,swp,767.0,327,45808,51,0.11342894393741851,0.0,0.0,0.25076452599388377,0.0030581039755351682,1.0,0.46268303709985,98.6078431372549,0.0,98.6078431372549
m8luyig,tap,0.0,0,0,0,,,,,,,,,,
m8luyig,all,,441,71016,51,,,,0.2789115646258503,0.006802721088435374,3.0,0.3086741420139606,14.215686274509803,2.0980392156862746,12.117647058823529
h2o2ieg,acc,98.0,37,25458,51,0.24489795918367346,0.0,0.0,0.7027027027027027,0.1891891891891892,7.0,0.01249829962077702,3.784313725490196,3.784313725490196,0.0
h2o2ieg,swp,224.0,94,46584,51,0.20089285714285715,0.004464285714285714,1.0,0.23404255319148937,0.0,0.0,0.21367645199810315,22.764705882352942,0.0,22.764705882352942
h2o2ieg,tap,0.0,0,0,0,,,,,,,,,,
h2o2ieg,all,,131,72042,51,,,,0.366412213740458,0.04580152671755725,6.0,0.13586988337862138,9.0,1.803921568627451,7.196078431372549
z8c5rtb,acc,294.0,120,25179,51,0.10884353741496598,0.0,0.0,0.35,0.05,6.0,0.4458742395519501,50.3921568627451,50.3921568627451,0.0
z8c5rtb,swp,300.0,127,46475,51,0.15,0.0,0.0,0.08661417322834646,0.0,0.0,0.49649159341672816,145.76470588235293,0.0,145.76470588235293
z8c5rtb,tap,0.0,0,0,0,,,,,,,,,,
z8c5rtb,all,,247,71654,51,,,,0.2145748987854251,0.0,0.0,0.4566617352695163,113.94117647058823,34.07843137254902,79.86274509803921
rcuqzrh,acc,489.0,203,24901,51,0.081799591002045,0.0,0.0,0.2413793103448276,0.009852216748768473,2.0,0.3820674558543176,38.35294117647059,38.35294117647059,0.0
rcuqzrh,swp,1401.0,599,44902,51,0.13062098501070663,0.005710206995003569,8.0,0.18196994991652754,0.011686143572621035,7.0,0.11507967217256088,8.823529411764707,0.0,8.823529411764707
rcuqzrh,tap,0.0,0,0,0,,,,,,,,,,
rcuqzrh,all,,802,69803,51,,,,0.1970074812967581,0.011221945137157107,9.0,0.1971286109924036,7.588235294117647,1.7254901960784315,5.862745098039215
frl4fzq,acc,672.0,266,24655,51,0.052083333333333336,0.0,0.0,0.17293233082706766,0.0,0.0,0.23272951050384644,43.15686274509804,43.15686274509804,0.0
frl4fzq,swp,1401.0,599,44902,51,0.10778015703069237,0.007137758743754461,10.0,0.15025041736227046,0.03672787979966611,22.0,0.48723375482992903,121.54901960784314,0.0,121.54901960784314
frl4fzq,tap,0.0,0,0,0,,,,,,,,,,
frl4fzq,all,,865,69557,51,,,,0.15722543352601157,0.025433526011560695,22.0,0.419521865137967,22.705882352941178,5.549019607843137,17.15686274509804
vk43uke,acc,683.0,260,24650,51,0.043923865300146414,0.0,0.0,0.11538461538461539,0.0,0.0,0.11137737787085965,22.823529411764707,22.823529411764707,0.0
vk43uke,swp,539.0,230,46133,51,0.12059369202226346,0.0,0.0,0.26956521739130435,0.0,0.0,0.3339090868884917,30.80392156862745,0.0,30.80392156862745
vk43uke,tap,0.0,0,0,0,,,,,,,,,,
vk43uke,all,,490,70783,51,,,,0.18775510204081633,0.0,0.0,0.26887885194823197,15.392156862745098,5.921568627450981,9.470588235294118
7ksck80,acc,355.0,121,25117,51,0.07887323943661972,0.0,0.0,0.1487603305785124,0.0,0.0,0.2699507248598918,72.84313725490196,72.84313725490196,0.0
7ksck80,swp,243.0,103,46556,51,0.102880658436214,0.0,0.0,0.23300970873786409,0.019417475728155338,2.0,0.2945561916374624,49.3921568627451,0.0,49.3921568627451
7ksck80,tap,0.0,0,0,0,,,,,,,,,,
7ksck80,all,,224,71673,51,,,,0.1875,0.013392857142857142,3.0,0.30512529352957485,46.27450980392157,24.823529411764707,21.45098039215686
7stgp0r,acc,521.0,194,24878,51,0.08061420345489444,0.005758157389635317,3.0,0.03608247422680412,0.0,0.0,0.5513037098582666,67.0,67.0,0.0
7stgp0r,swp,346.0,147,46409,51,0.11560693641618497,0.0,0.0,0.38095238095238093,0.047619047619047616,7.0,0.5436137926763683,224.2549019607843,0.0,224.2549019607843
7stgp0r,tap,0.0,0,0,0,,,,,,,,,,
7stgp0r,all,,341,71287,51,,,,0.18475073313782991,0.008797653958944282,3.0,0.5422218219536988,134.7058823529412,44.88235294117647,89.82352941176471
lvrishm,acc,311.0,132,25150,51,0.1189710610932476,0.0,0.0,0.09848484848484848,0.0,0.0,0.481789858796747,51.88235294117647,51.88235294117647,0.0
lvrishm,swp,767.0,328,45807,51,0.09126466753585398,0.0,0.0,0.2652439024390244,0.01524390243902439,5.0,0.4310676776491247,86.2156862745098,0.0,86.2156862745098
lvrishm,tap,0.0,0,0,0,,,,,,,,,,
lvrishm,all,,460,70957,51,,,,0.21739130434782608,0.010869565217391304,5.0,0.4336650704082122,86.29411764705883,24.725490196078432,61.568627450980394
