OriginalUser,Module,NumOfTrnData,NumOfTstData,NumOfAttData,NumOfAtt,FRR_trn,FRRConf_trn,NumOfUnlocks_trn,FRR_tst,FRRConf_tst,NumOfUnlocks_tst,FAR,NumOfAcceptTL,NumOfAcceptS,NumOfAcceptG,num_of_clf_that_decide
cp7kjhx,acc,150.0,61,7446,14,0.58,0.12,18.0,0.4426229508196721,0.01639344262295082,1.0,0.20261226056819356,32.642857142857146,32.642857142857146,0.0,1
cp7kjhx,gyr,151.0,61,5765,14,0.2052980132450331,0.0,0.0,0.09836065573770492,0.0,0.0,0.8051734669758648,276.2142857142857,276.2142857142857,0.0,1
cp7kjhx,swp,0.0,0,0,0,,,,,,,,,,,1
cp7kjhx,tap,1401.0,599,20396,14,0.6645253390435403,0.20485367594575304,287.0,0.6894824707846411,0.09181969949916527,55.0,0.3773514630388594,20.857142857142858,0.0,20.857142857142858,1
cp7kjhx,all,,721,33607,14,,,,0.6185852981969486,0.07350901525658807,53.0,0.39090657006466933,28.428571428571427,3.2857142857142856,25.142857142857142,1
r13q05q,acc,739.0,227,6691,14,0.035182679296346414,0.0,0.0,0.004405286343612335,0.0,0.0,0.25974486021335524,31.571428571428573,31.571428571428573,0.0,1
r13q05q,gyr,640.0,273,5064,14,0.375,0.04375,28.0,0.18315018315018314,0.003663003663003663,1.0,0.07572805106740021,4.785714285714286,4.785714285714286,0.0,1
r13q05q,swp,0.0,0,0,0,,,,,,,,,,,1
r13q05q,tap,1401.0,599,20396,14,0.6374018558172734,0.12419700214132762,174.0,0.6377295492487479,0.05175292153589316,31.0,0.20683797826283842,8.428571428571429,0.0,8.428571428571429,1
r13q05q,all,,1099,32151,14,,,,0.3939945404913558,0.018198362147406732,20.0,0.22320893822180315,8.714285714285714,0.8571428571428571,7.857142857142857,1
hwx9u0h,acc,157.0,43,7457,14,0.24203821656050956,0.0,0.0,0.06976744186046512,0.0,0.0,0.07216100709677523,3.2142857142857144,3.2142857142857144,0.0,1
hwx9u0h,gyr,157.0,44,5776,14,0.2484076433121019,0.025477707006369428,4.0,0.45454545454545453,0.045454545454545456,2.0,0.3679240924355466,29.928571428571427,29.928571428571427,0.0,1
hwx9u0h,swp,0.0,0,0,0,,,,,,,,,,,1
hwx9u0h,tap,482.0,205,21709,14,0.6265560165975104,0.18672199170124482,90.0,0.6341463414634146,0.08292682926829269,17.0,0.5656796256123677,329.35714285714283,0.0,329.35714285714283,1
hwx9u0h,all,,292,34942,14,,,,0.523972602739726,0.05821917808219178,17.0,0.43512073492390024,44.857142857142854,4.714285714285714,40.142857142857146,1
vk43uke,acc,683.0,268,6706,14,0.04978038067349927,0.0,0.0,0.5298507462686567,0.19776119402985073,53.0,0.25098875551537925,76.42857142857143,76.42857142857143,0.0,1
vk43uke,gyr,617.0,265,5095,14,0.17990275526742303,0.009724473257698542,6.0,0.23018867924528302,0.007547169811320755,2.0,0.7484921445837703,129.92857142857142,129.92857142857142,0.0,1
vk43uke,swp,0.0,0,0,0,,,,,,,,,,,1
vk43uke,tap,1401.0,599,20396,14,0.6416845110635261,0.14989293361884368,210.0,0.6894824707846411,0.07011686143572621,42.0,0.2889512013725978,13.285714285714286,0.0,13.285714285714286,1
vk43uke,all,,1132,32197,14,,,,0.5441696113074205,0.08568904593639576,97.0,0.37225012629328197,13.071428571428571,1.2857142857142858,11.785714285714286,1
36z77qn,acc,223.0,247,7187,14,0.336322869955157,0.06278026905829596,14.0,0.02834008097165992,0.0,0.0,0.23573566042025104,23.928571428571427,23.928571428571427,0.0,1
36z77qn,gyr,173.0,67,5737,14,0.26011560693641617,0.03468208092485549,6.0,0.417910447761194,0.07462686567164178,5.0,0.3254585783943343,11.357142857142858,11.357142857142858,0.0,1
36z77qn,swp,0.0,0,0,0,,,,,,,,,,,1
36z77qn,tap,454.0,193,21749,14,0.5837004405286343,0.15638766519823788,71.0,0.6217616580310881,0.08808290155440414,17.0,0.19957646937141665,8.571428571428571,0.0,8.571428571428571,1
36z77qn,all,,507,34673,14,,,,0.3057199211045365,0.04142011834319527,21.0,0.2427197296801628,8.642857142857142,0.7142857142857143,7.928571428571429,1
b0602fr,acc,354.0,148,7155,14,0.0423728813559322,0.0,0.0,0.2972972972972973,0.02027027027027027,3.0,0.26103732979252914,4.714285714285714,4.714285714285714,0.0,1
b0602fr,gyr,355.0,148,5474,14,0.3971830985915493,0.07042253521126761,25.0,0.6418918918918919,0.12162162162162163,18.0,0.3124518665140204,12.071428571428571,12.071428571428571,0.0,1
b0602fr,swp,0.0,0,0,0,,,,,,,,,,,1
b0602fr,tap,1401.0,599,20396,14,0.6331192005710207,0.1841541755888651,258.0,0.6026711185308848,0.0667779632721202,40.0,0.2949254950376656,11.357142857142858,0.0,11.357142857142858,1
b0602fr,all,,895,33025,14,,,,0.5586592178770949,0.06256983240223464,56.0,0.2677581604839496,11.214285714285714,0.42857142857142855,10.785714285714286,1
ftk8v41,acc,505.0,216,6936,14,0.07524752475247524,0.0039603960396039604,2.0,0.1574074074074074,0.0,0.0,0.5953158350413112,157.21428571428572,157.21428571428572,0.0,1
ftk8v41,gyr,505.0,216,5256,14,0.37425742574257426,0.07128712871287128,36.0,0.5648148148148148,0.08333333333333333,18.0,0.5313493691871487,88.14285714285714,88.14285714285714,0.0,1
ftk8v41,swp,0.0,0,0,0,,,,,,,,,,,1
ftk8v41,tap,1401.0,599,20396,14,0.6074232690935046,0.1777301927194861,249.0,0.5792988313856428,0.06343906510851419,38.0,0.2805690117763107,9.214285714285714,0.0,9.214285714285714,1
ftk8v41,all,,1031,32588,14,,,,0.48787584869059164,0.04364694471387003,45.0,0.3848188482693796,12.071428571428571,1.7142857142857142,10.357142857142858,1
l1doqao,acc,661.0,3,6993,14,0.06959152798789713,0.0030257186081694403,2.0,0.3333333333333333,0.0,0.0,0.5062732924950458,181.85714285714286,181.85714285714286,0.0,1
l1doqao,gyr,213.0,65,5699,14,0.43661971830985913,0.08450704225352113,18.0,0.38461538461538464,0.015384615384615385,1.0,0.1119104618128224,5.214285714285714,5.214285714285714,0.0,1
l1doqao,swp,0.0,0,0,0,,,,,,,,,,,1
l1doqao,tap,730.0,311,21355,14,0.6191780821917808,0.1863013698630137,136.0,0.6720257234726688,0.09003215434083602,28.0,0.2567009245291865,7.785714285714286,0.0,7.785714285714286,1
l1doqao,all,,379,34047,14,,,,0.6200527704485488,0.07651715039577836,29.0,0.3051929932060708,8.428571428571429,0.8571428571428571,7.571428571428571,1
2cf0s6s,acc,503.0,181,6973,14,0.0636182902584493,0.0,0.0,1.0,0.4972375690607735,90.0,0.0,2.0,2.0,0.0,1
2cf0s6s,gyr,164.0,59,5754,14,0.2621951219512195,0.018292682926829267,3.0,0.5423728813559322,0.0847457627118644,5.0,0.057222360717831974,3.7142857142857144,3.7142857142857144,0.0,1
2cf0s6s,swp,0.0,0,0,0,,,,,,,,,,,1
2cf0s6s,tap,1215.0,520,20661,14,0.665843621399177,0.22798353909465022,277.0,0.7346153846153847,0.10384615384615385,54.0,0.22582929320394848,19.857142857142858,0.0,19.857142857142858,1
2cf0s6s,all,,760,33388,14,,,,0.7828947368421053,0.19078947368421054,145.0,0.14545682292217083,12.714285714285714,0.6428571428571429,12.071428571428571,1
n0g0zsv,acc,500.0,485,6672,14,0.036,0.004,2.0,0.002061855670103093,0.0,0.0,0.04905225154253023,2.142857142857143,2.142857142857143,0.0,1
n0g0zsv,gyr,641.0,257,5079,14,0.358814352574103,0.0436817472698908,28.0,0.4669260700389105,0.05058365758754864,13.0,0.02381950950130098,4.071428571428571,4.071428571428571,0.0,1
n0g0zsv,swp,0.0,0,0,0,,,,,,,,,,,1
n0g0zsv,tap,1401.0,599,20396,14,0.6102783725910065,0.18344039971448964,257.0,0.6327212020033389,0.08681135225375626,52.0,0.2153614343444912,7.214285714285714,0.0,7.214285714285714,1
n0g0zsv,all,,1341,32147,14,,,,0.37285607755406414,0.048471290082028336,65.0,0.16320908373639834,6.785714285714286,0.2857142857142857,6.5,1
0z9xv36,acc,163.0,64,7430,14,0.5766871165644172,0.08588957055214724,14.0,0.828125,0.125,8.0,0.0,4.0,4.0,0.0,1
0z9xv36,gyr,163.0,64,5750,14,0.1165644171779141,0.0,0.0,0.25,0.03125,2.0,0.00922048914850616,2.0,2.0,0.0,1
0z9xv36,swp,0.0,0,0,0,,,,,,,,,,,1
0z9xv36,tap,1401.0,599,20396,14,0.6167023554603854,0.19628836545324768,275.0,0.44407345575959933,0.028380634390651086,17.0,0.2958012619334706,13.5,0.0,13.5,1
0z9xv36,all,,727,33576,14,,,,0.4607977991746905,0.033012379642365884,24.0,0.18647085596337407,13.214285714285714,0.5714285714285714,12.642857142857142,1
4su8oxl,acc,160.0,64,7433,14,0.2625,0.01875,3.0,0.484375,0.09375,6.0,0.0,3.0,3.0,0.0,1
4su8oxl,gyr,158.0,62,5757,14,0.2721518987341772,0.02531645569620253,4.0,0.43548387096774194,0.06451612903225806,4.0,0.00023470505398216242,3.0,3.0,0.0,1
4su8oxl,swp,0.0,0,0,0,,,,,,,,,,,1
4su8oxl,tap,646.0,276,21474,14,0.6486068111455109,0.19040247678018576,123.0,0.7391304347826086,0.10869565217391304,30.0,0.21065089115219798,8.285714285714286,0.0,8.285714285714286,1
4su8oxl,all,,402,34664,14,,,,0.6517412935323383,0.10199004975124377,41.0,0.13321779982076926,7.857142857142857,0.35714285714285715,7.5,1
r2p4ljs,acc,131.0,54,7472,14,0.7251908396946565,0.12213740458015267,16.0,0.8703703703703703,0.05555555555555555,3.0,0.08172968237040083,43.07142857142857,43.07142857142857,0.0,1
r2p4ljs,gyr,130.0,54,5793,14,0.2692307692307692,0.015384615384615385,2.0,0.5740740740740741,0.1111111111111111,6.0,0.31987839761730996,23.785714285714285,23.785714285714285,0.0,1
r2p4ljs,swp,0.0,0,0,0,,,,,,,,,,,1
r2p4ljs,tap,1401.0,599,20396,14,0.6795146324054246,0.2091363311920057,293.0,0.671118530884808,0.07512520868113523,45.0,0.2306045787013639,9.214285714285714,0.0,9.214285714285714,1
r2p4ljs,all,,707,33661,14,,,,0.6789250353606789,0.07779349363507779,55.0,0.20510299486540146,9.214285714285714,0.5,8.714285714285714,1
b1qt6gb,acc,83.0,28,7546,14,0.5903614457831325,0.14457831325301204,12.0,1.0,0.17857142857142858,5.0,0.00042686397268070576,5.0,5.0,0.0,1
b1qt6gb,gyr,82.0,28,5867,14,0.25609756097560976,0.024390243902439025,2.0,0.17857142857142858,0.0,0.0,0.34000260060904935,38.642857142857146,38.642857142857146,0.0,1
b1qt6gb,swp,0.0,0,0,0,,,,,,,,,,,1
b1qt6gb,tap,576.0,246,21574,14,0.6649305555555556,0.20833333333333334,120.0,0.5813008130081301,0.04878048780487805,12.0,0.3324247239090553,14.357142857142858,0.0,14.357142857142858,1
b1qt6gb,all,,302,34987,14,,,,0.5827814569536424,0.056291390728476824,17.0,0.25407052014681364,13.071428571428571,1.0714285714285714,12.0,1
sqhkewt,acc,470.0,86,7101,14,0.04042553191489362,0.0,0.0,0.4418604651162791,0.08139534883720931,7.0,0.35812359963013624,25.642857142857142,25.642857142857142,0.0,1
sqhkewt,gyr,116.0,49,5812,14,0.39655172413793105,0.07758620689655173,9.0,0.3673469387755102,0.04081632653061224,2.0,0.16079831835068084,10.357142857142858,10.357142857142858,0.0,1
sqhkewt,swp,0.0,0,0,0,,,,,,,,,,,1
sqhkewt,tap,380.0,162,21854,14,0.6684210526315789,0.17894736842105263,68.0,0.7530864197530864,0.09259259259259259,15.0,0.1428432933357543,8.785714285714286,0.0,8.785714285714286,1
sqhkewt,all,,297,34767,14,,,,0.5993265993265994,0.08080808080808081,24.0,0.21156920897924403,8.571428571428571,0.5714285714285714,8.0,1
cp7kjhx,acc,150.0,61,7446,14,0.18,0.0,0.0,0.11475409836065574,0.0,0.0,0.37781602157599437,114.57142857142857,114.57142857142857,0.0,5
cp7kjhx,gyr,151.0,61,5765,14,0.32450331125827814,0.033112582781456956,5.0,0.2459016393442623,0.0,0.0,0.672062995131888,145.85714285714286,145.85714285714286,0.0,5
cp7kjhx,swp,0.0,0,0,0,,,,,,,,,,,5
cp7kjhx,tap,1401.0,599,20396,14,0.662384011420414,0.20485367594575304,287.0,0.6861435726210351,0.09348914858096828,56.0,0.38687118475405785,20.857142857142858,0.0,20.857142857142858,5
cp7kjhx,all,,721,33607,14,,,,0.6005547850208044,0.07350901525658807,53.0,0.4030025401793052,23.214285714285715,3.0714285714285716,20.142857142857142,5
r13q05q,acc,739.0,227,6691,14,0.036535859269282815,0.0,0.0,0.004405286343612335,0.0,0.0,0.25306971376289394,31.214285714285715,31.214285714285715,0.0,5
r13q05q,gyr,640.0,273,5064,14,0.3328125,0.03125,20.0,0.1684981684981685,0.003663003663003663,1.0,0.09847057819366493,5.642857142857143,5.642857142857143,0.0,5
r13q05q,swp,0.0,0,0,0,,,,,,,,,,,5
r13q05q,tap,1401.0,599,20396,14,0.6374018558172734,0.12419700214132762,174.0,0.6377295492487479,0.05175292153589316,31.0,0.20683797826283842,8.428571428571429,0.0,8.428571428571429,5
r13q05q,all,,1099,32151,14,,,,0.3903548680618744,0.018198362147406732,20.0,0.2246274490022364,8.714285714285714,0.8571428571428571,7.857142857142857,5
hwx9u0h,acc,157.0,43,7457,14,0.06369426751592357,0.0,0.0,0.046511627906976744,0.0,0.0,0.09084317675199416,2.7857142857142856,2.7857142857142856,0.0,5
hwx9u0h,gyr,157.0,44,5776,14,0.3057324840764331,0.025477707006369428,4.0,0.4772727272727273,0.045454545454545456,2.0,0.3463231669067847,29.642857142857142,29.642857142857142,0.0,5
hwx9u0h,swp,0.0,0,0,0,,,,,,,,,,,5
hwx9u0h,tap,482.0,205,21709,14,0.6099585062240664,0.18672199170124482,90.0,0.624390243902439,0.08292682926829269,17.0,0.5730818719379414,327.7857142857143,0.0,327.7857142857143,5
hwx9u0h,all,,292,34942,14,,,,0.5171232876712328,0.05821917808219178,17.0,0.44304697244509766,38.857142857142854,4.357142857142857,34.5,5
vk43uke,acc,683.0,268,6706,14,0.04978038067349927,0.0,0.0,0.5298507462686567,0.19402985074626866,52.0,0.2498394382533285,78.57142857142857,78.57142857142857,0.0,5
vk43uke,gyr,617.0,265,5095,14,0.19611021069692058,0.009724473257698542,6.0,0.2490566037735849,0.007547169811320755,2.0,0.7362965289229214,111.5,111.5,0.0,5
vk43uke,swp,0.0,0,0,0,,,,,,,,,,,5
vk43uke,tap,1401.0,599,20396,14,0.596716630977873,0.14989293361884368,210.0,0.6193656093489148,0.08013355592654424,48.0,0.31767293134706287,11.857142857142858,0.0,11.857142857142858,5
vk43uke,all,,1132,32197,14,,,,0.5114840989399293,0.09010600706713781,102.0,0.38715642817747314,12.357142857142858,1.2142857142857142,11.142857142857142,5
36z77qn,acc,223.0,247,7187,14,0.19282511210762332,0.013452914798206279,3.0,0.020242914979757085,0.0,0.0,0.29353002338429157,140.5,140.5,0.0,5
36z77qn,gyr,173.0,67,5737,14,0.2543352601156069,0.028901734104046242,5.0,0.417910447761194,0.07462686567164178,5.0,0.3297090665368981,11.571428571428571,11.571428571428571,0.0,5
36z77qn,swp,0.0,0,0,0,,,,,,,,,,,5
36z77qn,tap,454.0,193,21749,14,0.5837004405286343,0.15638766519823788,71.0,0.6217616580310881,0.08808290155440414,17.0,0.19957646937141665,8.571428571428571,0.0,8.571428571428571,5
36z77qn,all,,507,34673,14,,,,0.30177514792899407,0.04142011834319527,21.0,0.2581956674729383,8.857142857142858,0.7142857142857143,8.142857142857142,5
b0602fr,acc,354.0,148,7155,14,0.03672316384180791,0.0,0.0,0.34459459459459457,0.02027027027027027,3.0,0.24411168212350876,4.071428571428571,4.071428571428571,0.0,5
b0602fr,gyr,355.0,148,5474,14,0.38309859154929576,0.0647887323943662,23.0,0.6283783783783784,0.12162162162162163,18.0,0.31835710651397825,12.285714285714286,12.285714285714286,0.0,5
b0602fr,swp,0.0,0,0,0,,,,,,,,,,,5
b0602fr,tap,1401.0,599,20396,14,0.6331192005710207,0.1841541755888651,258.0,0.6026711185308848,0.0667779632721202,40.0,0.2949254950376656,11.428571428571429,0.0,11.428571428571429,5
b0602fr,all,,895,33025,14,,,,0.5642458100558659,0.06368715083798883,57.0,0.2660019679873555,11.285714285714286,0.5,10.785714285714286,5
ftk8v41,acc,505.0,216,6936,14,0.07128712871287128,0.0039603960396039604,2.0,0.16203703703703703,0.004629629629629629,1.0,0.5985068043824404,157.5,157.5,0.0,5
ftk8v41,gyr,505.0,216,5256,14,0.33861386138613864,0.04950495049504951,25.0,0.5,0.05555555555555555,12.0,0.5875050166366301,110.35714285714286,110.35714285714286,0.0,5
ftk8v41,swp,0.0,0,0,0,,,,,,,,,,,5
ftk8v41,tap,1401.0,599,20396,14,0.6074232690935046,0.1777301927194861,249.0,0.5792988313856428,0.06343906510851419,38.0,0.2805690117763107,9.214285714285714,0.0,9.214285714285714,5
ftk8v41,all,,1031,32588,14,,,,0.475266731328807,0.04267701260911736,44.0,0.39377565245534496,12.214285714285714,1.7142857142857142,10.5,5
l1doqao,acc,661.0,3,6993,14,0.046898638426626324,0.0030257186081694403,2.0,0.3333333333333333,0.0,0.0,0.48266254001120085,138.21428571428572,138.21428571428572,0.0,5
l1doqao,gyr,213.0,65,5699,14,0.39436619718309857,0.07981220657276995,17.0,0.35384615384615387,0.015384615384615385,1.0,0.13846413124361995,8.071428571428571,8.071428571428571,0.0,5
l1doqao,swp,0.0,0,0,0,,,,,,,,,,,5
l1doqao,tap,730.0,311,21355,14,0.5945205479452055,0.1863013698630137,136.0,0.6430868167202572,0.0932475884244373,29.0,0.2721816689628405,7.5,0.0,7.5,5
l1doqao,all,,379,34047,14,,,,0.5910290237467019,0.08179419525065963,31.0,0.3154083404294414,8.0,0.8571428571428571,7.142857142857143,5
2cf0s6s,acc,503.0,181,6973,14,0.055666003976143144,0.0,0.0,1.0,0.4972375690607735,90.0,0.0,2.0,2.0,0.0,5
2cf0s6s,gyr,164.0,59,5754,14,0.36585365853658536,0.042682926829268296,7.0,0.6779661016949152,0.1016949152542373,6.0,0.03732218079545613,3.642857142857143,3.642857142857143,0.0,5
2cf0s6s,swp,0.0,0,0,0,,,,,,,,,,,5
2cf0s6s,tap,1215.0,520,20661,14,0.665843621399177,0.22798353909465022,277.0,0.7346153846153847,0.10384615384615385,54.0,0.22582929320394848,19.857142857142858,0.0,19.857142857142858,5
2cf0s6s,all,,760,33388,14,,,,0.7934210526315789,0.1881578947368421,143.0,0.14232000841550985,13.0,0.7142857142857143,12.285714285714286,5
n0g0zsv,acc,500.0,485,6672,14,0.036,0.004,2.0,0.002061855670103093,0.0,0.0,0.04751032897600827,2.142857142857143,2.142857142857143,0.0,5
n0g0zsv,gyr,641.0,257,5079,14,0.26833073322932915,0.0249609984399376,16.0,0.35797665369649806,0.019455252918287938,5.0,0.03653564653588965,4.357142857142857,4.357142857142857,0.0,5
n0g0zsv,swp,0.0,0,0,0,,,,,,,,,,,5
n0g0zsv,tap,1401.0,599,20396,14,0.6102783725910065,0.1827266238401142,256.0,0.6327212020033389,0.08681135225375626,52.0,0.2153614343444912,7.357142857142857,0.0,7.357142857142857,5
n0g0zsv,all,,1341,32147,14,,,,0.35197613721103654,0.041759880686055184,56.0,0.1648545784256032,6.857142857142857,0.2857142857142857,6.571428571428571,5
0z9xv36,acc,163.0,64,7430,14,0.08588957055214724,0.0,0.0,0.484375,0.15625,10.0,0.0,2.0,2.0,0.0,5
0z9xv36,gyr,163.0,64,5750,14,0.147239263803681,0.0,0.0,0.265625,0.03125,2.0,0.009022351641076004,2.0,2.0,0.0,5
0z9xv36,swp,0.0,0,0,0,,,,,,,,,,,5
0z9xv36,tap,1401.0,599,20396,14,0.6167023554603854,0.19628836545324768,275.0,0.44407345575959933,0.028380634390651086,17.0,0.2958012619334706,13.5,0.0,13.5,5
0z9xv36,all,,727,33576,14,,,,0.43191196698762035,0.037138927097661624,27.0,0.18642935185446727,12.928571428571429,0.35714285714285715,12.571428571428571,5
4su8oxl,acc,160.0,64,7433,14,0.0875,0.00625,1.0,0.4375,0.125,8.0,0.0,2.0,2.0,0.0,5
4su8oxl,gyr,158.0,62,5757,14,0.3227848101265823,0.02531645569620253,4.0,0.43548387096774194,0.06451612903225806,4.0,0.00023470505398216242,3.0,3.0,0.0,5
4su8oxl,swp,0.0,0,0,0,,,,,,,,,,,5
4su8oxl,tap,646.0,276,21474,14,0.6439628482972136,0.19040247678018576,123.0,0.7427536231884058,0.10869565217391304,30.0,0.20632072124936204,8.214285714285714,0.0,8.214285714285714,5
4su8oxl,all,,402,34664,14,,,,0.6467661691542289,0.10199004975124377,41.0,0.1306661752393931,7.785714285714286,0.35714285714285715,7.428571428571429,5
r2p4ljs,acc,131.0,54,7472,14,0.32061068702290074,0.022900763358778626,3.0,0.5370370370370371,0.07407407407407407,4.0,0.16566709997831477,40.57142857142857,40.57142857142857,0.0,5
r2p4ljs,gyr,130.0,54,5793,14,0.3384615384615385,0.03076923076923077,4.0,0.5925925925925926,0.1111111111111111,6.0,0.2867502795780696,18.5,18.5,0.0,5
r2p4ljs,swp,0.0,0,0,0,,,,,,,,,,,5
r2p4ljs,tap,1401.0,599,20396,14,0.6595289079229122,0.2091363311920057,293.0,0.657762938230384,0.08013355592654424,48.0,0.2416697256306593,9.142857142857142,0.0,9.142857142857142,5
r2p4ljs,all,,707,33661,14,,,,0.6435643564356436,0.08345120226308345,59.0,0.2207882298360385,9.142857142857142,0.5714285714285714,8.571428571428571,5
b1qt6gb,acc,83.0,28,7546,14,0.24096385542168675,0.0,0.0,0.9285714285714286,0.07142857142857142,2.0,0.005888500299736657,3.142857142857143,3.142857142857143,0.0,5
b1qt6gb,gyr,82.0,28,5867,14,0.24390243902439024,0.012195121951219513,1.0,0.17857142857142858,0.0,0.0,0.36599714321081084,41.714285714285715,41.714285714285715,0.0,5
b1qt6gb,swp,0.0,0,0,0,,,,,,,,,,,5
b1qt6gb,tap,576.0,246,21574,14,0.6649305555555556,0.20833333333333334,120.0,0.5813008130081301,0.04878048780487805,12.0,0.3324247239090553,14.357142857142858,0.0,14.357142857142858,5
b1qt6gb,all,,302,34987,14,,,,0.5761589403973509,0.04304635761589404,13.0,0.25896653829941235,12.714285714285714,0.7142857142857143,12.0,5
sqhkewt,acc,470.0,86,7101,14,0.04680851063829787,0.0,0.0,0.45348837209302323,0.09302325581395349,8.0,0.3458925431555678,24.357142857142858,24.357142857142858,0.0,5
sqhkewt,gyr,116.0,49,5812,14,0.3793103448275862,0.07758620689655173,9.0,0.3673469387755102,0.04081632653061224,2.0,0.1688087707923684,12.428571428571429,12.428571428571429,0.0,5
sqhkewt,swp,0.0,0,0,0,,,,,,,,,,,5
sqhkewt,tap,380.0,162,21854,14,0.6684210526315789,0.17894736842105263,68.0,0.7530864197530864,0.09259259259259259,15.0,0.1428432933357543,8.785714285714286,0.0,8.785714285714286,5
sqhkewt,all,,297,34767,14,,,,0.6026936026936027,0.08417508417508418,25.0,0.2096013000353281,8.571428571428571,0.5714285714285714,8.0,5
cp7kjhx,acc,150.0,61,7446,14,0.10666666666666667,0.0,0.0,0.08196721311475409,0.0,0.0,0.46523706566237905,131.0,131.0,0.0,15
cp7kjhx,gyr,151.0,61,5765,14,0.304635761589404,0.026490066225165563,4.0,0.22950819672131148,0.0,0.0,0.6933856496051211,147.0,147.0,0.0,15
cp7kjhx,swp,0.0,0,0,0,,,,,,,,,,,15
cp7kjhx,tap,1401.0,599,20396,14,0.662384011420414,0.20342612419700215,285.0,0.6861435726210351,0.09015025041736227,54.0,0.38687118475405785,26.714285714285715,0.0,26.714285714285715,15
cp7kjhx,all,,721,33607,14,,,,0.5963938973647711,0.06934812760055478,50.0,0.425891292154379,23.642857142857142,3.0714285714285716,20.571428571428573,15
r13q05q,acc,739.0,227,6691,14,0.04059539918809202,0.0,0.0,0.004405286343612335,0.0,0.0,0.2241841006862546,23.285714285714285,23.285714285714285,0.0,15
r13q05q,gyr,640.0,273,5064,14,0.2828125,0.015625,10.0,0.1391941391941392,0.003663003663003663,1.0,0.13072672605161262,6.071428571428571,6.071428571428571,0.0,15
r13q05q,swp,0.0,0,0,0,,,,,,,,,,,15
r13q05q,tap,1401.0,599,20396,14,0.561741613133476,0.11991434689507495,168.0,0.5626043405676127,0.06010016694490818,36.0,0.22601643663750723,7.071428571428571,0.0,7.071428571428571,15
r13q05q,all,,1099,32151,14,,,,0.3421292083712466,0.020928116469517744,23.0,0.23340998499743634,7.214285714285714,0.6428571428571429,6.571428571428571,15
hwx9u0h,acc,157.0,43,7457,14,0.05732484076433121,0.0,0.0,0.046511627906976744,0.0,0.0,0.08315194941665423,2.7142857142857144,2.7142857142857144,0.0,15
hwx9u0h,gyr,157.0,44,5776,14,0.3184713375796178,0.03184713375796178,5.0,0.4772727272727273,0.045454545454545456,2.0,0.32733234683802737,27.0,27.0,0.0,15
hwx9u0h,swp,0.0,0,0,0,,,,,,,,,,,15
hwx9u0h,tap,482.0,205,21709,14,0.6099585062240664,0.18672199170124482,90.0,0.624390243902439,0.08292682926829269,17.0,0.5730818719379414,327.7857142857143,0.0,327.7857142857143,15
hwx9u0h,all,,292,34942,14,,,,0.5171232876712328,0.05821917808219178,17.0,0.4375676442410081,38.42857142857143,4.214285714285714,34.214285714285715,15
vk43uke,acc,683.0,268,6706,14,0.0527086383601757,0.0,0.0,0.5447761194029851,0.19402985074626866,52.0,0.2492490094918726,78.57142857142857,78.57142857142857,0.0,15
vk43uke,gyr,617.0,265,5095,14,0.26904376012965964,0.024311183144246355,15.0,0.35094339622641507,0.026415094339622643,7.0,0.6760172887111028,110.14285714285714,110.14285714285714,0.0,15
vk43uke,swp,0.0,0,0,0,,,,,,,,,,,15
vk43uke,tap,1401.0,599,20396,14,0.6416845110635261,0.14989293361884368,210.0,0.6894824707846411,0.07011686143572621,42.0,0.2889512013725978,13.285714285714286,0.0,13.285714285714286,15
vk43uke,all,,1132,32197,14,,,,0.5759717314487632,0.08833922261484099,100.0,0.3604219119538227,12.857142857142858,1.2857142857142858,11.571428571428571,15
36z77qn,acc,223.0,247,7187,14,0.14349775784753363,0.008968609865470852,2.0,0.02834008097165992,0.0,0.0,0.2736053778330471,80.85714285714286,80.85714285714286,0.0,15
36z77qn,gyr,173.0,67,5737,14,0.3236994219653179,0.046242774566473986,8.0,0.43283582089552236,0.07462686567164178,5.0,0.29956911162739935,10.071428571428571,10.071428571428571,0.0,15
36z77qn,swp,0.0,0,0,0,,,,,,,,,,,15
36z77qn,tap,454.0,193,21749,14,0.5925110132158591,0.15638766519823788,71.0,0.6269430051813472,0.08808290155440414,17.0,0.19707554299001023,8.642857142857142,0.0,8.642857142857142,15
36z77qn,all,,507,34673,14,,,,0.3096646942800789,0.04142011834319527,21.0,0.24677807287047895,8.857142857142858,0.7142857142857143,8.142857142857142,15
b0602fr,acc,354.0,148,7155,14,0.03672316384180791,0.0,0.0,0.3783783783783784,0.02702702702702703,4.0,0.20394091820774127,3.7857142857142856,3.7857142857142856,0.0,15
b0602fr,gyr,355.0,148,5474,14,0.3408450704225352,0.04507042253521127,16.0,0.581081081081081,0.10135135135135136,15.0,0.37155873561917757,27.428571428571427,27.428571428571427,0.0,15
b0602fr,swp,0.0,0,0,0,,,,,,,,,,,15
b0602fr,tap,1401.0,599,20396,14,0.6331192005710207,0.1841541755888651,258.0,0.6026711185308848,0.0667779632721202,40.0,0.2949254950376656,11.571428571428571,0.0,11.571428571428571,15
b0602fr,all,,895,33025,14,,,,0.5620111731843576,0.06480446927374302,58.0,0.26750101844034985,11.5,0.5,11.0,15
ftk8v41,acc,505.0,216,6936,14,0.07128712871287128,0.0039603960396039604,2.0,0.18518518518518517,0.004629629629629629,1.0,0.5734133561725292,156.21428571428572,156.21428571428572,0.0,15
ftk8v41,gyr,505.0,216,5256,14,0.297029702970297,0.033663366336633666,17.0,0.4305555555555556,0.032407407407407406,7.0,0.6215918110217762,128.42857142857142,128.42857142857142,0.0,15
ftk8v41,swp,0.0,0,0,0,,,,,,,,,,,15
ftk8v41,tap,1401.0,599,20396,14,0.6074232690935046,0.1777301927194861,249.0,0.5792988313856428,0.06343906510851419,38.0,0.2805690117763107,9.214285714285714,0.0,9.214285714285714,15
ftk8v41,all,,1031,32588,14,,,,0.4655674102812803,0.041707080504364696,43.0,0.39227863320297107,12.214285714285714,1.7142857142857142,10.5,15
l1doqao,acc,661.0,3,6993,14,0.04236006051437216,0.0030257186081694403,2.0,0.3333333333333333,0.0,0.0,0.45900389926015234,137.78571428571428,137.78571428571428,0.0,15
l1doqao,gyr,213.0,65,5699,14,0.3615023474178404,0.06572769953051644,14.0,0.26153846153846155,0.0,0.0,0.1693769040296957,8.928571428571429,8.928571428571429,0.0,15
l1doqao,swp,0.0,0,0,0,,,,,,,,,,,15
l1doqao,tap,730.0,311,21355,14,0.5945205479452055,0.1863013698630137,136.0,0.6430868167202572,0.0932475884244373,29.0,0.2721816689628405,7.5,0.0,7.5,15
l1doqao,all,,379,34047,14,,,,0.575197889182058,0.07651715039577836,29.0,0.3164498255820437,7.928571428571429,0.8571428571428571,7.071428571428571,15
2cf0s6s,acc,503.0,181,6973,14,0.05765407554671968,0.0,0.0,1.0,0.4972375690607735,90.0,0.0,2.0,2.0,0.0,15
2cf0s6s,gyr,164.0,59,5754,14,0.3475609756097561,0.042682926829268296,7.0,0.6949152542372882,0.11864406779661017,7.0,0.03780188017837719,3.4285714285714284,3.4285714285714284,0.0,15
2cf0s6s,swp,0.0,0,0,0,,,,,,,,,,,15
2cf0s6s,tap,1215.0,520,20661,14,0.6444444444444445,0.22798353909465022,277.0,0.7134615384615385,0.1076923076923077,56.0,0.24542980169955939,19.285714285714285,0.0,19.285714285714285,15
2cf0s6s,all,,760,33388,14,,,,0.7802631578947369,0.19078947368421054,145.0,0.15416241272172762,12.714285714285714,0.7142857142857143,12.0,15
n0g0zsv,acc,500.0,485,6672,14,0.042,0.004,2.0,0.002061855670103093,0.0,0.0,0.041718511858506835,2.142857142857143,2.142857142857143,0.0,15
n0g0zsv,gyr,641.0,257,5079,14,0.2745709828393136,0.0249609984399376,16.0,0.35019455252918286,0.023346303501945526,6.0,0.03559622831844563,4.285714285714286,4.285714285714286,0.0,15
n0g0zsv,swp,0.0,0,0,0,,,,,,,,,,,15
n0g0zsv,tap,1401.0,599,20396,14,0.5995717344753747,0.18201284796573874,255.0,0.6160267111853088,0.08848080133555926,53.0,0.22503314951076298,7.214285714285714,0.0,7.214285714285714,15
n0g0zsv,all,,1341,32147,14,,,,0.343027591349739,0.04325130499627144,58.0,0.1690727664584213,6.714285714285714,0.2857142857142857,6.428571428571429,15
0z9xv36,acc,163.0,64,7430,14,0.05521472392638037,0.0,0.0,0.484375,0.15625,10.0,0.0,2.0,2.0,0.0,15
0z9xv36,gyr,163.0,64,5750,14,0.2331288343558282,0.0,0.0,0.3125,0.03125,2.0,0.008880346528891967,3.0,3.0,0.0,15
0z9xv36,swp,0.0,0,0,0,,,,,,,,,,,15
0z9xv36,tap,1401.0,599,20396,14,0.6167023554603854,0.19628836545324768,275.0,0.44407345575959933,0.028380634390651086,17.0,0.2958012619334706,13.5,0.0,13.5,15
0z9xv36,all,,727,33576,14,,,,0.4360385144429161,0.03851444291609354,28.0,0.1864055819471699,12.928571428571429,0.35714285714285715,12.571428571428571,15
4su8oxl,acc,160.0,64,7433,14,0.09375,0.00625,1.0,0.421875,0.125,8.0,0.0,2.0,2.0,0.0,15
4su8oxl,gyr,158.0,62,5757,14,0.310126582278481,0.02531645569620253,4.0,0.45161290322580644,0.06451612903225806,4.0,0.00023470505398216242,3.0,3.0,0.0,15
4su8oxl,swp,0.0,0,0,0,,,,,,,,,,,15
4su8oxl,tap,646.0,276,21474,14,0.6486068111455109,0.19040247678018576,123.0,0.7391304347826086,0.10869565217391304,30.0,0.21065089115219798,8.285714285714286,0.0,8.285714285714286,15
4su8oxl,all,,402,34664,14,,,,0.6442786069651741,0.09950248756218906,40.0,0.13321779982076926,7.857142857142857,0.35714285714285715,7.5,15
r2p4ljs,acc,131.0,54,7472,14,0.19083969465648856,0.007633587786259542,1.0,0.4444444444444444,0.07407407407407407,4.0,0.18993640828271116,40.5,40.5,0.0,15
r2p4ljs,gyr,130.0,54,5793,14,0.35384615384615387,0.038461538461538464,5.0,0.6111111111111112,0.12962962962962962,7.0,0.26626862377978155,13.928571428571429,13.928571428571429,0.0,15
r2p4ljs,swp,0.0,0,0,0,,,,,,,,,,,15
r2p4ljs,tap,1401.0,599,20396,14,0.6795146324054246,0.2091363311920057,293.0,0.671118530884808,0.07512520868113523,45.0,0.2306045787013639,9.214285714285714,0.0,9.214285714285714,15
r2p4ljs,all,,707,33661,14,,,,0.6492220650636492,0.08062234794908062,57.0,0.2147147579258466,9.142857142857142,0.5714285714285714,8.571428571428571,15
b1qt6gb,acc,83.0,28,7546,14,0.1686746987951807,0.0,0.0,0.5714285714285714,0.0,0.0,0.009902624553339814,3.2142857142857144,3.2142857142857144,0.0,15
b1qt6gb,gyr,82.0,28,5867,14,0.2804878048780488,0.024390243902439025,2.0,0.17857142857142858,0.0,0.0,0.3050567357490149,19.142857142857142,19.142857142857142,0.0,15
b1qt6gb,swp,0.0,0,0,0,,,,,,,,,,,15
b1qt6gb,tap,576.0,246,21574,14,0.6649305555555556,0.203125,117.0,0.5772357723577236,0.04878048780487805,12.0,0.34034764274239604,14.571428571428571,0.0,14.571428571428571,15
b1qt6gb,all,,302,34987,14,,,,0.5397350993377483,0.03642384105960265,11.0,0.25479214398957334,12.785714285714286,0.7142857142857143,12.071428571428571,15
sqhkewt,acc,470.0,86,7101,14,0.0574468085106383,0.002127659574468085,1.0,0.5232558139534884,0.11627906976744186,10.0,0.31325762784242844,23.214285714285715,23.214285714285715,0.0,15
sqhkewt,gyr,116.0,49,5812,14,0.33620689655172414,0.05172413793103448,6.0,0.3469387755102041,0.02040816326530612,1.0,0.21185773258970717,15.0,15.0,0.0,15
sqhkewt,swp,0.0,0,0,0,,,,,,,,,,,15
sqhkewt,tap,380.0,162,21854,14,0.6684210526315789,0.17894736842105263,68.0,0.7530864197530864,0.09259259259259259,15.0,0.1428432933357543,8.785714285714286,0.0,8.785714285714286,15
sqhkewt,all,,297,34767,14,,,,0.6195286195286195,0.08754208754208755,26.0,0.207952471702908,8.571428571428571,0.5,8.071428571428571,15
cp7kjhx,acc,150.0,61,7446,14,0.1,0.0,0.0,0.08196721311475409,0.0,0.0,0.4775655778170479,130.92857142857142,130.92857142857142,0.0,30
cp7kjhx,gyr,151.0,61,5765,14,0.2913907284768212,0.013245033112582781,2.0,0.21311475409836064,0.0,0.0,0.6916519863974803,146.35714285714286,146.35714285714286,0.0,30
cp7kjhx,swp,0.0,0,0,0,,,,,,,,,,,30
cp7kjhx,tap,1401.0,599,20396,14,0.6345467523197716,0.19557458957887222,274.0,0.669449081803005,0.09348914858096828,56.0,0.4019094672951543,30.785714285714285,0.0,30.785714285714285,30
cp7kjhx,all,,721,33607,14,,,,0.5811373092926491,0.07212205270457697,52.0,0.43866257601397163,23.428571428571427,3.0,20.428571428571427,30
r13q05q,acc,739.0,227,6691,14,0.04330175913396482,0.0,0.0,0.004405286343612335,0.0,0.0,0.20877942584519746,22.714285714285715,22.714285714285715,0.0,30
r13q05q,gyr,640.0,273,5064,14,0.2671875,0.0125,8.0,0.1391941391941392,0.007326007326007326,2.0,0.12010865861737383,6.0,6.0,0.0,30
r13q05q,swp,0.0,0,0,0,,,,,,,,,,,30
r13q05q,tap,1401.0,599,20396,14,0.561741613133476,0.1206281227694504,169.0,0.5626043405676127,0.06010016694490818,36.0,0.22601643663750723,7.071428571428571,0.0,7.071428571428571,30
r13q05q,all,,1099,32151,14,,,,0.3421292083712466,0.02183803457688808,24.0,0.22760947866012843,7.071428571428571,0.5,6.571428571428571,30
hwx9u0h,acc,157.0,43,7457,14,0.05732484076433121,0.0,0.0,0.046511627906976744,0.0,0.0,0.0779685933240863,2.7142857142857144,2.7142857142857144,0.0,30
hwx9u0h,gyr,157.0,44,5776,14,0.33121019108280253,0.025477707006369428,4.0,0.4772727272727273,0.045454545454545456,2.0,0.31794387598128776,26.714285714285715,26.714285714285715,0.0,30
hwx9u0h,swp,0.0,0,0,0,,,,,,,,,,,30
hwx9u0h,tap,482.0,205,21709,14,0.6099585062240664,0.17842323651452283,86.0,0.624390243902439,0.08292682926829269,17.0,0.5730818719379414,329.57142857142856,0.0,329.57142857142856,30
hwx9u0h,all,,292,34942,14,,,,0.5171232876712328,0.05821917808219178,17.0,0.4343410365624846,38.92857142857143,4.428571428571429,34.5,30
vk43uke,acc,683.0,268,6706,14,0.05856515373352855,0.0,0.0,0.5671641791044776,0.19776119402985073,53.0,0.2468397698028868,74.0,74.0,0.0,30
vk43uke,gyr,617.0,265,5095,14,0.25283630470016205,0.017828200972447326,11.0,0.3283018867924528,0.022641509433962263,6.0,0.6838530717719847,110.64285714285714,110.64285714285714,0.0,30
vk43uke,swp,0.0,0,0,0,,,,,,,,,,,30
vk43uke,tap,1401.0,599,20396,14,0.6416845110635261,0.13418986438258387,188.0,0.6894824707846411,0.06844741235392321,41.0,0.29320284832475424,13.571428571428571,0.0,13.571428571428571,30
vk43uke,all,,1132,32197,14,,,,0.5759717314487632,0.08745583038869258,99.0,0.3637075347641763,12.214285714285714,1.2857142857142858,10.928571428571429,30
36z77qn,acc,223.0,247,7187,14,0.15246636771300448,0.013452914798206279,3.0,0.032388663967611336,0.0,0.0,0.2683147725427068,80.35714285714286,80.35714285714286,0.0,30
36z77qn,gyr,173.0,67,5737,14,0.3236994219653179,0.028901734104046242,5.0,0.44776119402985076,0.07462686567164178,5.0,0.2915310071626825,10.142857142857142,10.142857142857142,0.0,30
36z77qn,swp,0.0,0,0,0,,,,,,,,,,,30
36z77qn,tap,454.0,193,21749,14,0.5837004405286343,0.15418502202643172,70.0,0.6217616580310881,0.08808290155440414,17.0,0.19957646937141665,8.785714285714286,0.0,8.785714285714286,30
36z77qn,all,,507,34673,14,,,,0.3116370808678501,0.04142011834319527,21.0,0.2459755958259068,8.928571428571429,0.7142857142857143,8.214285714285714,30
b0602fr,acc,354.0,148,7155,14,0.03954802259887006,0.0,0.0,0.3918918918918919,0.033783783783783786,5.0,0.19015711669655264,3.5,3.5,0.0,30
b0602fr,gyr,355.0,148,5474,14,0.3380281690140845,0.04507042253521127,16.0,0.5743243243243243,0.0945945945945946,14.0,0.37510418705685505,27.5,27.5,0.0,30
b0602fr,swp,0.0,0,0,0,,,,,,,,,,,30
b0602fr,tap,1401.0,599,20396,14,0.6188436830835118,0.1763026409707352,247.0,0.5859766277128547,0.0667779632721202,40.0,0.32222350840227676,11.571428571428571,0.0,11.571428571428571,30
b0602fr,all,,895,33025,14,,,,0.5519553072625698,0.0659217877094972,59.0,0.28180544900584137,11.357142857142858,0.5,10.857142857142858,30
ftk8v41,acc,505.0,216,6936,14,0.07326732673267326,0.0039603960396039604,2.0,0.19444444444444445,0.009259259259259259,2.0,0.5205243918000072,58.57142857142857,58.57142857142857,0.0,30
ftk8v41,gyr,505.0,216,5256,14,0.25346534653465347,0.01782178217821782,9.0,0.41203703703703703,0.027777777777777776,6.0,0.6434283857902334,128.71428571428572,128.71428571428572,0.0,30
ftk8v41,swp,0.0,0,0,0,,,,,,,,,,,30
ftk8v41,tap,1401.0,599,20396,14,0.6074232690935046,0.1655960028551035,232.0,0.5792988313856428,0.05676126878130217,34.0,0.2805690117763107,9.214285714285714,0.0,9.214285714285714,30
ftk8v41,all,,1031,32588,14,,,,0.463627546071775,0.037827352085354024,39.0,0.3804721634689863,12.285714285714286,1.7142857142857142,10.571428571428571,30
l1doqao,acc,661.0,3,6993,14,0.048411497730711045,0.0030257186081694403,2.0,0.3333333333333333,0.0,0.0,0.434233205894357,137.35714285714286,137.35714285714286,0.0,30
l1doqao,gyr,213.0,65,5699,14,0.36619718309859156,0.06103286384976526,13.0,0.27692307692307694,0.0,0.0,0.16185156354742333,9.0,9.0,0.0,30
l1doqao,swp,0.0,0,0,0,,,,,,,,,,,30
l1doqao,tap,730.0,311,21355,14,0.626027397260274,0.1863013698630137,136.0,0.6752411575562701,0.09003215434083602,28.0,0.2534352220014479,7.785714285714286,0.0,7.785714285714286,30
l1doqao,all,,379,34047,14,,,,0.604221635883905,0.07387862796833773,28.0,0.29967483207756457,8.285714285714286,0.8571428571428571,7.428571428571429,30
2cf0s6s,acc,503.0,181,6973,14,0.06958250497017893,0.0,0.0,1.0,0.4972375690607735,90.0,0.0,2.0,2.0,0.0,30
2cf0s6s,gyr,164.0,59,5754,14,0.34146341463414637,0.03048780487804878,5.0,0.6949152542372882,0.11864406779661017,7.0,0.031817483164705986,3.5714285714285716,3.5714285714285716,0.0,30
2cf0s6s,swp,0.0,0,0,0,,,,,,,,,,,30
2cf0s6s,tap,1215.0,520,20661,14,0.6353909465020576,0.20905349794238684,254.0,0.6942307692307692,0.10192307692307692,53.0,0.2610637219318429,23.785714285714285,0.0,23.785714285714285,30
2cf0s6s,all,,760,33388,14,,,,0.7671052631578947,0.1868421052631579,142.0,0.16268679538867434,14.571428571428571,0.7142857142857143,13.857142857142858,30
n0g0zsv,acc,500.0,485,6672,14,0.046,0.004,2.0,0.002061855670103093,0.0,0.0,0.03885841659902634,2.142857142857143,2.142857142857143,0.0,30
n0g0zsv,gyr,641.0,257,5079,14,0.25585023400936036,0.0187207488299532,12.0,0.32684824902723736,0.007782101167315175,2.0,0.03928953245466722,4.785714285714286,4.785714285714286,0.0,30
n0g0zsv,swp,0.0,0,0,0,,,,,,,,,,,30
n0g0zsv,tap,1401.0,599,20396,14,0.6295503211991434,0.17987152034261242,252.0,0.676126878130217,0.08347245409015025,50.0,0.20680811053619613,7.571428571428571,0.0,7.571428571428571,30
n0g0zsv,all,,1341,32147,14,,,,0.36539895600298283,0.037285607755406416,50.0,0.15717999560876103,6.928571428571429,0.2857142857142857,6.642857142857143,30
0z9xv36,acc,163.0,64,7430,14,0.049079754601226995,0.0,0.0,0.484375,0.15625,10.0,0.0,2.0,2.0,0.0,30
0z9xv36,gyr,163.0,64,5750,14,0.2392638036809816,0.0,0.0,0.3125,0.03125,2.0,0.008596336304523888,3.0,3.0,0.0,30
0z9xv36,swp,0.0,0,0,0,,,,,,,,,,,30
0z9xv36,tap,1401.0,599,20396,14,0.6167023554603854,0.1891506067094932,265.0,0.44407345575959933,0.025041736227045076,15.0,0.2958012619334706,14.142857142857142,0.0,14.142857142857142,30
0z9xv36,all,,727,33576,14,,,,0.4360385144429161,0.037138927097661624,27.0,0.1863580421325752,13.142857142857142,0.35714285714285715,12.785714285714286,30
4su8oxl,acc,160.0,64,7433,14,0.1,0.00625,1.0,0.421875,0.125,8.0,0.0,2.0,2.0,0.0,30
4su8oxl,gyr,158.0,62,5757,14,0.2848101265822785,0.02531645569620253,4.0,0.43548387096774194,0.06451612903225806,4.0,0.00023470505398216242,3.0,3.0,0.0,30
4su8oxl,swp,0.0,0,0,0,,,,,,,,,,,30
4su8oxl,tap,646.0,276,21474,14,0.6253869969040248,0.18111455108359134,117.0,0.7355072463768116,0.10869565217391304,30.0,0.22086779267455922,8.071428571428571,0.0,8.071428571428571,30
4su8oxl,all,,402,34664,14,,,,0.6393034825870647,0.09950248756218906,40.0,0.13972555708384624,7.714285714285714,0.35714285714285715,7.357142857142857,30
r2p4ljs,acc,131.0,54,7472,14,0.17557251908396945,0.007633587786259542,1.0,0.4074074074074074,0.07407407407407407,4.0,0.19656419654420523,40.5,40.5,0.0,30
r2p4ljs,gyr,130.0,54,5793,14,0.35384615384615387,0.038461538461538464,5.0,0.6111111111111112,0.12962962962962962,7.0,0.2640757115237257,13.928571428571429,13.928571428571429,0.0,30
r2p4ljs,swp,0.0,0,0,0,,,,,,,,,,,30
r2p4ljs,tap,1401.0,599,20396,14,0.6295503211991434,0.2012847965738758,282.0,0.6260434056761269,0.08180300500834725,49.0,0.2554040271389374,8.571428571428571,0.0,8.571428571428571,30
r2p4ljs,all,,707,33661,14,,,,0.6082036775106082,0.08486562942008487,60.0,0.23102178515261956,8.642857142857142,0.5,8.142857142857142,30
b1qt6gb,acc,83.0,28,7546,14,0.13253012048192772,0.0,0.0,0.4642857142857143,0.0,0.0,0.010089298068801881,2.4285714285714284,2.4285714285714284,0.0,30
b1qt6gb,gyr,82.0,28,5867,14,0.2804878048780488,0.012195121951219513,1.0,0.21428571428571427,0.0,0.0,0.28424189596146815,12.357142857142858,12.357142857142858,0.0,30
b1qt6gb,swp,0.0,0,0,0,,,,,,,,,,,30
b1qt6gb,tap,576.0,246,21574,14,0.6649305555555556,0.19791666666666666,114.0,0.5772357723577236,0.044715447154471545,11.0,0.34034764274239604,14.857142857142858,0.0,14.857142857142858,30
b1qt6gb,all,,302,34987,14,,,,0.5331125827814569,0.03642384105960265,11.0,0.2516894105316776,12.642857142857142,0.5714285714285714,12.071428571428571,30
sqhkewt,acc,470.0,86,7101,14,0.06382978723404255,0.002127659574468085,1.0,0.5697674418604651,0.11627906976744186,10.0,0.30598280670732486,23.214285714285715,23.214285714285715,0.0,30
sqhkewt,gyr,116.0,49,5812,14,0.3103448275862069,0.02586206896551724,3.0,0.3469387755102041,0.02040816326530612,1.0,0.2100652232905035,15.071428571428571,15.071428571428571,0.0,30
sqhkewt,swp,0.0,0,0,0,,,,,,,,,,,30
sqhkewt,tap,380.0,162,21854,14,0.6473684210526316,0.1763157894736842,67.0,0.7469135802469136,0.09876543209876543,16.0,0.1548424150686734,8.285714285714286,0.0,8.285714285714286,30
sqhkewt,all,,297,34767,14,,,,0.6296296296296297,0.09090909090909091,27.0,0.2132444032722888,8.0,0.42857142857142855,7.571428571428571,30
cp7kjhx,acc,150.0,61,7446,14,0.10666666666666667,0.0,0.0,0.06557377049180328,0.0,0.0,0.4857682054335922,131.0,131.0,0.0,60
cp7kjhx,gyr,151.0,61,5765,14,0.2980132450331126,0.013245033112582781,2.0,0.21311475409836064,0.0,0.0,0.6745621562632877,134.57142857142858,134.57142857142858,0.0,60
cp7kjhx,swp,0.0,0,0,0,,,,,,,,,,,60
cp7kjhx,tap,1401.0,599,20396,14,0.6281227694503926,0.17987152034261242,252.0,0.667779632721202,0.09181969949916527,55.0,0.41040663836049085,55.07142857142857,0.0,55.07142857142857,60
cp7kjhx,all,,721,33607,14,,,,0.5783633841886269,0.06934812760055478,50.0,0.4437437608335774,61.785714285714285,7.0,54.785714285714285,60
r13q05q,acc,739.0,227,6691,14,0.05006765899864682,0.0013531799729364006,1.0,0.004405286343612335,0.0,0.0,0.19127763004368023,22.5,22.5,0.0,60
r13q05q,gyr,640.0,273,5064,14,0.265625,0.009375,6.0,0.13553113553113552,0.007326007326007326,2.0,0.11704371807950197,5.928571428571429,5.928571428571429,0.0,60
r13q05q,swp,0.0,0,0,0,,,,,,,,,,,60
r13q05q,tap,1401.0,599,20396,14,0.561741613133476,0.11848679514632406,166.0,0.5626043405676127,0.05843071786310518,35.0,0.22601643663750723,7.071428571428571,0.0,7.071428571428571,60
r13q05q,all,,1099,32151,14,,,,0.34121929026387626,0.02183803457688808,24.0,0.22250423940792086,7.071428571428571,0.5,6.571428571428571,60
hwx9u0h,acc,157.0,43,7457,14,0.06369426751592357,0.0,0.0,0.046511627906976744,0.0,0.0,0.0759706855565497,2.7142857142857144,2.7142857142857144,0.0,60
hwx9u0h,gyr,157.0,44,5776,14,0.3184713375796178,0.025477707006369428,4.0,0.4772727272727273,0.045454545454545456,2.0,0.30997635278043995,26.5,26.5,0.0,60
hwx9u0h,swp,0.0,0,0,0,,,,,,,,,,,60
hwx9u0h,tap,482.0,205,21709,14,0.5975103734439834,0.16182572614107885,78.0,0.6048780487804878,0.07804878048780488,16.0,0.5908432143990389,425.64285714285717,0.0,425.64285714285717,60
hwx9u0h,all,,292,34942,14,,,,0.5034246575342466,0.0547945205479452,16.0,0.4438503393658633,59.714285714285715,6.071428571428571,53.642857142857146,60
vk43uke,acc,683.0,268,6706,14,0.06588579795021962,0.0,0.0,0.5671641791044776,0.19776119402985073,53.0,0.24673637885657765,74.0,74.0,0.0,60
vk43uke,gyr,617.0,265,5095,14,0.2544570502431118,0.01620745542949757,10.0,0.33962264150943394,0.018867924528301886,5.0,0.6733139493354934,110.71428571428571,110.71428571428571,0.0,60
vk43uke,swp,0.0,0,0,0,,,,,,,,,,,60
vk43uke,tap,1401.0,599,20396,14,0.5938615274803711,0.11848679514632406,166.0,0.6160267111853088,0.07178631051752922,43.0,0.32794452937199103,13.285714285714286,0.0,13.285714285714286,60
vk43uke,all,,1132,32197,14,,,,0.5397526501766784,0.0892226148409894,101.0,0.383083799269924,11.928571428571429,1.2857142857142858,10.642857142857142,60
36z77qn,acc,223.0,247,7187,14,0.15246636771300448,0.013452914798206279,3.0,0.04048582995951417,0.0,0.0,0.26338854380112126,79.5,79.5,0.0,60
36z77qn,gyr,173.0,67,5737,14,0.31213872832369943,0.023121387283236993,4.0,0.44776119402985076,0.05970149253731343,4.0,0.2985833352483249,11.0,11.0,0.0,60
36z77qn,swp,0.0,0,0,0,,,,,,,,,,,60
36z77qn,tap,454.0,193,21749,14,0.579295154185022,0.14096916299559473,64.0,0.6217616580310881,0.08290155440414508,16.0,0.20191623294245087,9.0,0.0,9.0,60
36z77qn,all,,507,34673,14,,,,0.3155818540433925,0.03944773175542406,20.0,0.24717776688221157,9.214285714285714,0.7142857142857143,8.5,60
b0602fr,acc,354.0,148,7155,14,0.0480225988700565,0.0,0.0,0.4391891891891892,0.0472972972972973,7.0,0.16836957373505337,3.357142857142857,3.357142857142857,0.0,60
b0602fr,gyr,355.0,148,5474,14,0.3323943661971831,0.036619718309859155,13.0,0.5675675675675675,0.08783783783783784,13.0,0.384821067912184,29.928571428571427,29.928571428571427,0.0,60
b0602fr,swp,0.0,0,0,0,,,,,,,,,,,60
b0602fr,tap,1401.0,599,20396,14,0.6188436830835118,0.16059957173447537,225.0,0.5859766277128547,0.05843071786310518,35.0,0.32222350840227676,13.0,0.0,13.0,60
b0602fr,all,,895,33025,14,,,,0.5586592178770949,0.060335195530726256,54.0,0.27997358100207764,12.214285714285714,0.6428571428571429,11.571428571428571,60
ftk8v41,acc,505.0,216,6936,14,0.08514851485148515,0.0039603960396039604,2.0,0.2037037037037037,0.009259259259259259,2.0,0.4576534154886415,52.642857142857146,52.642857142857146,0.0,60
ftk8v41,gyr,505.0,216,5256,14,0.2495049504950495,0.013861386138613862,7.0,0.4166666666666667,0.027777777777777776,6.0,0.6465678055997504,129.0,129.0,0.0,60
ftk8v41,swp,0.0,0,0,0,,,,,,,,,,,60
ftk8v41,tap,1401.0,599,20396,14,0.5995717344753747,0.14775160599571735,207.0,0.5659432387312187,0.05175292153589316,31.0,0.28843668896758556,9.5,0.0,9.5,60
ftk8v41,all,,1031,32588,14,,,,0.45877788554801163,0.03685741998060136,38.0,0.36847111321915266,12.214285714285714,1.7142857142857142,10.5,60
l1doqao,acc,661.0,3,6993,14,0.060514372163388806,0.0045385779122541605,3.0,0.3333333333333333,0.0,0.0,0.4146177616513947,137.21428571428572,137.21428571428572,0.0,60
l1doqao,gyr,213.0,65,5699,14,0.3568075117370892,0.051643192488262914,11.0,0.27692307692307694,0.0,0.0,0.15995473867139248,9.214285714285714,9.214285714285714,0.0,60
l1doqao,swp,0.0,0,0,0,,,,,,,,,,,60
l1doqao,tap,730.0,311,21355,14,0.5945205479452055,0.16986301369863013,124.0,0.6430868167202572,0.08360128617363344,26.0,0.2721816689628405,7.642857142857143,0.0,7.642857142857143,60
l1doqao,all,,379,34047,14,,,,0.5778364116094987,0.0712401055408971,27.0,0.3077698912772987,8.071428571428571,0.8571428571428571,7.214285714285714,60
2cf0s6s,acc,503.0,181,6973,14,0.07554671968190854,0.0,0.0,1.0,0.4972375690607735,90.0,0.0,2.0,2.0,0.0,60
2cf0s6s,gyr,164.0,59,5754,14,0.3353658536585366,0.024390243902439025,4.0,0.6949152542372882,0.11864406779661017,7.0,0.028270870565653753,3.642857142857143,3.642857142857143,0.0,60
2cf0s6s,swp,0.0,0,0,0,,,,,,,,,,,60
2cf0s6s,tap,1215.0,520,20661,14,0.6148148148148148,0.17530864197530865,213.0,0.6730769230769231,0.09230769230769231,48.0,0.2989915174536426,56.07142857142857,0.0,56.07142857142857,60
2cf0s6s,all,,760,33388,14,,,,0.7526315789473684,0.18289473684210528,139.0,0.18538729048982108,17.142857142857142,0.9285714285714286,16.214285714285715,60
n0g0zsv,acc,500.0,485,6672,14,0.06,0.006,3.0,0.002061855670103093,0.0,0.0,0.035317521781733585,2.0714285714285716,2.0714285714285716,0.0,60
n0g0zsv,gyr,641.0,257,5079,14,0.25273010920436817,0.015600624024960999,10.0,0.32684824902723736,0.007782101167315175,2.0,0.03734721663562859,4.785714285714286,4.785714285714286,0.0,60
n0g0zsv,swp,0.0,0,0,0,,,,,,,,,,,60
n0g0zsv,tap,1401.0,599,20396,14,0.569593147751606,0.16131334760885083,226.0,0.6026711185308848,0.08514190317195326,51.0,0.23470387811710317,6.857142857142857,0.0,6.857142857142857,60
n0g0zsv,all,,1341,32147,14,,,,0.3325876211782252,0.03803131991051454,51.0,0.1734125516137514,6.428571428571429,0.2857142857142857,6.142857142857143,60
0z9xv36,acc,163.0,64,7430,14,0.049079754601226995,0.0,0.0,0.484375,0.15625,10.0,0.0,2.0,2.0,0.0,60
0z9xv36,gyr,163.0,64,5750,14,0.2331288343558282,0.0,0.0,0.328125,0.03125,2.0,0.008355262438624772,3.0,3.0,0.0,60
0z9xv36,swp,0.0,0,0,0,,,,,,,,,,,60
0z9xv36,tap,1401.0,599,20396,14,0.6067094932191291,0.17701641684511063,248.0,0.4357262103505843,0.018363939899833055,11.0,0.3006823902225535,15.285714285714286,0.0,15.285714285714286,60
0z9xv36,all,,727,33576,14,,,,0.4305364511691884,0.030261348005502064,22.0,0.18961441340784413,13.785714285714286,0.5,13.285714285714286,60
4su8oxl,acc,160.0,64,7433,14,0.10625,0.00625,1.0,0.4375,0.125,8.0,0.0,2.0,2.0,0.0,60
4su8oxl,gyr,158.0,62,5757,14,0.2911392405063291,0.02531645569620253,4.0,0.43548387096774194,0.06451612903225806,4.0,0.00023470505398216242,3.0,3.0,0.0,60
4su8oxl,swp,0.0,0,0,0,,,,,,,,,,,60
4su8oxl,tap,646.0,276,21474,14,0.6253869969040248,0.16873065015479877,109.0,0.7355072463768116,0.10869565217391304,30.0,0.22086779267455922,8.142857142857142,0.0,8.142857142857142,60
4su8oxl,all,,402,34664,14,,,,0.6417910447761194,0.09701492537313433,39.0,0.13972555708384624,7.785714285714286,0.35714285714285715,7.428571428571429,60
r2p4ljs,acc,131.0,54,7472,14,0.16793893129770993,0.007633587786259542,1.0,0.3888888888888889,0.05555555555555555,3.0,0.21225270723303483,42.214285714285715,42.214285714285715,0.0,60
r2p4ljs,gyr,130.0,54,5793,14,0.35384615384615387,0.03076923076923077,4.0,0.6111111111111112,0.12962962962962962,7.0,0.2638122555444888,16.0,16.0,0.0,60
r2p4ljs,swp,0.0,0,0,0,,,,,,,,,,,60
r2p4ljs,tap,1401.0,599,20396,14,0.6295503211991434,0.18058529621698788,253.0,0.6260434056761269,0.07512520868113523,45.0,0.2554040271389374,8.928571428571429,0.0,8.928571428571429,60
r2p4ljs,all,,707,33661,14,,,,0.6067892503536068,0.07920792079207921,56.0,0.2338599571380791,9.0,0.5,8.5,60
b1qt6gb,acc,83.0,28,7546,14,0.13253012048192772,0.0,0.0,0.35714285714285715,0.0,0.0,0.012657892314485327,2.357142857142857,2.357142857142857,0.0,60
b1qt6gb,gyr,82.0,28,5867,14,0.3170731707317073,0.012195121951219513,1.0,0.25,0.0,0.0,0.2579481173100558,11.928571428571429,11.928571428571429,0.0,60
b1qt6gb,swp,0.0,0,0,0,,,,,,,,,,,60
b1qt6gb,tap,576.0,246,21574,14,0.6267361111111112,0.1857638888888889,107.0,0.532520325203252,0.044715447154471545,11.0,0.3748841132415392,14.571428571428571,0.0,14.571428571428571,60
b1qt6gb,all,,302,34987,14,,,,0.4900662251655629,0.03642384105960265,11.0,0.26908672613604256,12.214285714285714,0.6428571428571429,11.571428571428571,60
sqhkewt,acc,470.0,86,7101,14,0.06382978723404255,0.002127659574468085,1.0,0.5813953488372093,0.13953488372093023,12.0,0.3009767347525602,21.571428571428573,21.571428571428573,0.0,60
sqhkewt,gyr,116.0,49,5812,14,0.29310344827586204,0.02586206896551724,3.0,0.3673469387755102,0.04081632653061224,2.0,0.1901556272952906,13.714285714285714,13.714285714285714,0.0,60
sqhkewt,swp,0.0,0,0,0,,,,,,,,,,,60
sqhkewt,tap,380.0,162,21854,14,0.6473684210526316,0.1631578947368421,62.0,0.7469135802469136,0.09259259259259259,15.0,0.1548424150686734,8.428571428571429,0.0,8.428571428571429,60
sqhkewt,all,,297,34767,14,,,,0.6363636363636364,0.09764309764309764,29.0,0.20898140648473282,8.071428571428571,0.42857142857142855,7.642857142857143,60
cp7kjhx,acc,150.0,61,7446,14,0.1,0.0,0.0,0.06557377049180328,0.0,0.0,0.4840736861141887,130.71428571428572,130.71428571428572,0.0,100
cp7kjhx,gyr,151.0,61,5765,14,0.2913907284768212,0.013245033112582781,2.0,0.22950819672131148,0.0,0.0,0.6610627132493727,131.21428571428572,131.21428571428572,0.0,100
cp7kjhx,swp,0.0,0,0,0,,,,,,,,,,,100
cp7kjhx,tap,1401.0,599,20396,14,0.6059957173447538,0.11277658815132048,158.0,0.6410684474123539,0.06176961602671119,37.0,0.42879686855811433,73.42857142857143,0.0,73.42857142857143,100
cp7kjhx,all,,721,33607,14,,,,0.5575589459084604,0.04576976421636616,33.0,0.45257326951595594,71.78571428571429,8.928571428571429,62.857142857142854,100
r13q05q,acc,739.0,227,6691,14,0.05142083897158322,0.0013531799729364006,1.0,0.004405286343612335,0.0,0.0,0.19043228308400068,22.428571428571427,22.428571428571427,0.0,100
r13q05q,gyr,640.0,273,5064,14,0.2640625,0.0078125,5.0,0.14285714285714285,0.007326007326007326,2.0,0.11081878488360541,5.928571428571429,5.928571428571429,0.0,100
r13q05q,swp,0.0,0,0,0,,,,,,,,,,,100
r13q05q,tap,1401.0,599,20396,14,0.561741613133476,0.11777301927194861,165.0,0.5626043405676127,0.05843071786310518,35.0,0.22601643663750723,7.071428571428571,0.0,7.071428571428571,100
r13q05q,all,,1099,32151,14,,,,0.34303912647861695,0.02183803457688808,24.0,0.22144064149387174,7.071428571428571,0.5,6.571428571428571,100
hwx9u0h,acc,157.0,43,7457,14,0.06369426751592357,0.0,0.0,0.046511627906976744,0.0,0.0,0.0746407428276381,2.642857142857143,2.642857142857143,0.0,100
hwx9u0h,gyr,157.0,44,5776,14,0.3184713375796178,0.025477707006369428,4.0,0.4772727272727273,0.045454545454545456,2.0,0.30189366025962633,18.071428571428573,18.071428571428573,0.0,100
hwx9u0h,swp,0.0,0,0,0,,,,,,,,,,,100
hwx9u0h,tap,482.0,205,21709,14,0.5560165975103735,0.08091286307053942,39.0,0.5804878048780487,0.04390243902439024,9.0,0.6379319322368653,867.7142857142857,0.0,867.7142857142857,100
hwx9u0h,all,,292,34942,14,,,,0.4863013698630137,0.030821917808219176,9.0,0.4731922611403201,63.42857142857143,6.857142857142857,56.57142857142857,100
vk43uke,acc,683.0,268,6706,14,0.06734992679355783,0.0,0.0,0.5671641791044776,0.20149253731343283,54.0,0.2443871643694498,74.0,74.0,0.0,100
vk43uke,gyr,617.0,265,5095,14,0.24473257698541329,0.012965964343598054,8.0,0.3283018867924528,0.01509433962264151,4.0,0.680514377926276,111.14285714285714,111.14285714285714,0.0,100
vk43uke,swp,0.0,0,0,0,,,,,,,,,,,100
vk43uke,tap,1401.0,599,20396,14,0.5938615274803711,0.10992148465381871,154.0,0.6160267111853088,0.06844741235392321,41.0,0.32794452937199103,13.928571428571429,0.0,13.928571428571429,100
vk43uke,all,,1132,32197,14,,,,0.5371024734982333,0.08657243816254417,98.0,0.3836674274118697,12.714285714285714,1.4285714285714286,11.285714285714286,100
36z77qn,acc,223.0,247,7187,14,0.15246636771300448,0.013452914798206279,3.0,0.04048582995951417,0.0,0.0,0.2613534432272226,79.28571428571429,79.28571428571429,0.0,100
36z77qn,gyr,173.0,67,5737,14,0.3179190751445087,0.023121387283236993,4.0,0.44776119402985076,0.05970149253731343,4.0,0.30015266647591876,11.214285714285714,11.214285714285714,0.0,100
36z77qn,swp,0.0,0,0,0,,,,,,,,,,,100
36z77qn,tap,454.0,193,21749,14,0.5550660792951542,0.1145374449339207,52.0,0.6010362694300518,0.06735751295336788,13.0,0.215783468862325,9.0,0.0,9.0,100
36z77qn,all,,507,34673,14,,,,0.3076923076923077,0.03550295857988166,18.0,0.25556252604070806,9.214285714285714,0.7142857142857143,8.5,100
b0602fr,acc,354.0,148,7155,14,0.0480225988700565,0.0,0.0,0.4391891891891892,0.04054054054054054,6.0,0.1676538378839379,3.357142857142857,3.357142857142857,0.0,100
b0602fr,gyr,355.0,148,5474,14,0.323943661971831,0.036619718309859155,13.0,0.5540540540540541,0.08783783783783784,13.0,0.39699707251109445,33.0,33.0,0.0,100
b0602fr,swp,0.0,0,0,0,,,,,,,,,,,100
b0602fr,tap,1401.0,599,20396,14,0.583868665239115,0.10563882940756603,148.0,0.5509181969949917,0.041736227045075125,25.0,0.3521621204612634,17.714285714285715,0.0,17.714285714285715,100
b0602fr,all,,895,33025,14,,,,0.5329608938547487,0.048044692737430165,43.0,0.3000660370861495,16.357142857142858,0.9285714285714286,15.428571428571429,100
ftk8v41,acc,505.0,216,6936,14,0.08712871287128712,0.0039603960396039604,2.0,0.20833333333333334,0.009259259259259259,2.0,0.4298839608719642,51.07142857142857,51.07142857142857,0.0,100
ftk8v41,gyr,505.0,216,5256,14,0.2495049504950495,0.013861386138613862,7.0,0.42592592592592593,0.032407407407407406,7.0,0.6436384424864252,128.78571428571428,128.78571428571428,0.0,100
ftk8v41,swp,0.0,0,0,0,,,,,,,,,,,100
ftk8v41,tap,1401.0,599,20396,14,0.5660242683797287,0.13204853675945752,185.0,0.5125208681135225,0.045075125208681135,27.0,0.3072080181751363,9.642857142857142,0.0,9.642857142857142,100
ftk8v41,all,,1031,32588,14,,,,0.4306498545101843,0.03394762366634336,35.0,0.3728205835683345,12.5,1.7142857142857142,10.785714285714286,100
l1doqao,acc,661.0,3,6993,14,0.060514372163388806,0.0045385779122541605,3.0,0.3333333333333333,0.0,0.0,0.4102870446102706,137.0,137.0,0.0,100
l1doqao,gyr,213.0,65,5699,14,0.352112676056338,0.046948356807511735,10.0,0.27692307692307694,0.0,0.0,0.15785729650756358,9.357142857142858,9.357142857142858,0.0,100
l1doqao,swp,0.0,0,0,0,,,,,,,,,,,100
l1doqao,tap,730.0,311,21355,14,0.5821917808219178,0.15342465753424658,112.0,0.617363344051447,0.08360128617363344,26.0,0.28692808107905055,7.642857142857143,0.0,7.642857142857143,100
l1doqao,all,,379,34047,14,,,,0.5567282321899736,0.06860158311345646,26.0,0.3166232844691431,7.785714285714286,0.7142857142857143,7.071428571428571,100
2cf0s6s,acc,503.0,181,6973,14,0.0775347912524851,0.0,0.0,1.0,0.4972375690607735,90.0,0.0,2.0,2.0,0.0,100
2cf0s6s,gyr,164.0,59,5754,14,0.3475609756097561,0.024390243902439025,4.0,0.6949152542372882,0.11864406779661017,7.0,0.026987605778686224,3.642857142857143,3.642857142857143,0.0,100
2cf0s6s,swp,0.0,0,0,0,,,,,,,,,,,100
2cf0s6s,tap,1215.0,520,20661,14,0.6082304526748972,0.10864197530864197,132.0,0.6596153846153846,0.06346153846153846,33.0,0.32614002774008755,141.57142857142858,0.0,141.57142857142858,100
2cf0s6s,all,,760,33388,14,,,,0.743421052631579,0.1631578947368421,124.0,0.20317455735833626,22.285714285714285,1.1428571428571428,21.142857142857142,100
n0g0zsv,acc,500.0,485,6672,14,0.06,0.006,3.0,0.002061855670103093,0.0,0.0,0.03475680136302574,2.0714285714285716,2.0714285714285716,0.0,100
n0g0zsv,gyr,641.0,257,5079,14,0.24180967238689546,0.015600624024960999,10.0,0.3229571984435798,0.0038910505836575876,1.0,0.037994619533901444,4.928571428571429,4.928571428571429,0.0,100
n0g0zsv,swp,0.0,0,0,0,,,,,,,,,,,100
n0g0zsv,tap,1401.0,599,20396,14,0.569593147751606,0.145610278372591,204.0,0.6026711185308848,0.07679465776293823,46.0,0.23470387811710317,7.0,0.0,7.0,100
n0g0zsv,all,,1341,32147,14,,,,0.33184190902311705,0.035048471290082026,47.0,0.17325625020469884,6.571428571428571,0.2857142857142857,6.285714285714286,100
0z9xv36,acc,163.0,64,7430,14,0.049079754601226995,0.0,0.0,0.484375,0.15625,10.0,0.0,2.0,2.0,0.0,100
0z9xv36,gyr,163.0,64,5750,14,0.2392638036809816,0.0,0.0,0.34375,0.03125,2.0,0.008213257326440734,3.0,3.0,0.0,100
0z9xv36,swp,0.0,0,0,0,,,,,,,,,,,100
0z9xv36,tap,1401.0,599,20396,14,0.5795860099928622,0.11063526052819414,155.0,0.4006677796327212,0.001669449081803005,1.0,0.3366025060466486,36.214285714285715,0.0,36.214285714285715,100
0z9xv36,all,,727,33576,14,,,,0.4030261348005502,0.017881705639614855,13.0,0.21099889651424597,18.142857142857142,0.9285714285714286,17.214285714285715,100
4su8oxl,acc,160.0,64,7433,14,0.1,0.00625,1.0,0.4375,0.125,8.0,0.0,2.0,2.0,0.0,100
4su8oxl,gyr,158.0,62,5757,14,0.2721518987341772,0.0189873417721519,3.0,0.43548387096774194,0.06451612903225806,4.0,0.00023470505398216242,3.0,3.0,0.0,100
4su8oxl,swp,0.0,0,0,0,,,,,,,,,,,100
4su8oxl,tap,646.0,276,21474,14,0.5727554179566563,0.08668730650154799,56.0,0.6992753623188406,0.07608695652173914,21.0,0.24793803877741882,11.857142857142858,0.0,11.857142857142858,100
4su8oxl,all,,402,34664,14,,,,0.6169154228855721,0.07711442786069651,31.0,0.15664665061399208,11.071428571428571,0.35714285714285715,10.714285714285714,100
r2p4ljs,acc,131.0,54,7472,14,0.16793893129770993,0.007633587786259542,1.0,0.3888888888888889,0.05555555555555555,3.0,0.21422370167963362,43.857142857142854,43.857142857142854,0.0,100
r2p4ljs,gyr,130.0,54,5793,14,0.34615384615384615,0.03076923076923077,4.0,0.6111111111111112,0.12962962962962962,7.0,0.2665533932606842,16.285714285714285,16.285714285714285,0.0,100
r2p4ljs,swp,0.0,0,0,0,,,,,,,,,,,100
r2p4ljs,tap,1401.0,599,20396,14,0.5902926481084939,0.13847251962883655,194.0,0.5959933222036727,0.06176961602671119,37.0,0.2768750381079726,10.285714285714286,0.0,10.285714285714286,100
r2p4ljs,all,,707,33661,14,,,,0.5813295615275813,0.06789250353606789,48.0,0.2481865141673214,10.142857142857142,0.5714285714285714,9.571428571428571,100
b1qt6gb,acc,83.0,28,7546,14,0.12048192771084337,0.0,0.0,0.35714285714285715,0.0,0.0,0.012258979645406981,2.2857142857142856,2.2857142857142856,0.0,100
b1qt6gb,gyr,82.0,28,5867,14,0.32926829268292684,0.012195121951219513,1.0,0.2857142857142857,0.0,0.0,0.24453639278085407,11.785714285714286,11.785714285714286,0.0,100
b1qt6gb,swp,0.0,0,0,0,,,,,,,,,,,100
b1qt6gb,tap,576.0,246,21574,14,0.6128472222222222,0.1423611111111111,82.0,0.524390243902439,0.032520325203252036,8.0,0.3888348504438727,18.214285714285715,0.0,18.214285714285715,100
b1qt6gb,all,,302,34987,14,,,,0.4867549668874172,0.026490066225165563,8.0,0.27589933648053233,14.571428571428571,0.6428571428571429,13.928571428571429,100
sqhkewt,acc,470.0,86,7101,14,0.06382978723404255,0.002127659574468085,1.0,0.5813953488372093,0.13953488372093023,12.0,0.2996533396428237,21.571428571428573,21.571428571428573,0.0,100
sqhkewt,gyr,116.0,49,5812,14,0.3017241379310345,0.02586206896551724,3.0,0.3673469387755102,0.04081632653061224,2.0,0.19135453933106467,13.857142857142858,13.857142857142858,0.0,100
sqhkewt,swp,0.0,0,0,0,,,,,,,,,,,100
sqhkewt,tap,380.0,162,21854,14,0.5763157894736842,0.11052631578947368,42.0,0.6851851851851852,0.07407407407407407,12.0,0.17378276175031426,9.071428571428571,0.0,9.071428571428571,100
sqhkewt,all,,297,34767,14,,,,0.6026936026936027,0.08754208754208755,26.0,0.2206453966932534,8.714285714285714,0.5,8.214285714285714,100
cp7kjhx,acc,150.0,61,7446,14,0.1,0.0,0.0,0.06557377049180328,0.0,0.0,0.4704199415850271,130.14285714285714,130.14285714285714,0.0,200
cp7kjhx,gyr,151.0,61,5765,14,0.2980132450331126,0.013245033112582781,2.0,0.22950819672131148,0.0,0.0,0.6420410776945854,130.5,130.5,0.0,200
cp7kjhx,swp,0.0,0,0,0,,,,,,,,,,,200
cp7kjhx,tap,1401.0,599,20396,14,0.45753033547466093,0.029978586723768737,42.0,0.5275459098497496,0.035058430717863104,21.0,0.5608658100997445,597.3571428571429,0.0,597.3571428571429,200
cp7kjhx,all,,721,33607,14,,,,0.463245492371706,0.023578363384188627,17.0,0.5265096376624689,550.2142857142857,102.14285714285714,448.07142857142856,200
r13q05q,acc,739.0,227,6691,14,0.05953991880920163,0.0013531799729364006,1.0,0.004405286343612335,0.0,0.0,0.1754663494555194,21.5,21.5,0.0,200
r13q05q,gyr,640.0,273,5064,14,0.26875,0.009375,6.0,0.14652014652014653,0.007326007326007326,2.0,0.10732712271214784,5.857142857142857,5.857142857142857,0.0,200
r13q05q,swp,0.0,0,0,0,,,,,,,,,,,200
r13q05q,tap,1401.0,599,20396,14,0.4596716630977873,0.06923625981441828,97.0,0.4607679465776294,0.041736227045075125,25.0,0.24710016428783277,7.142857142857143,0.0,7.142857142857143,200
r13q05q,all,,1099,32151,14,,,,0.28844404003639673,0.01637852593266606,18.0,0.22949420561861317,7.071428571428571,0.5,6.571428571428571,200
hwx9u0h,acc,157.0,43,7457,14,0.07643312101910828,0.0,0.0,0.06976744186046512,0.0,0.0,0.07215886371249951,2.642857142857143,2.642857142857143,0.0,200
hwx9u0h,gyr,157.0,44,5776,14,0.3184713375796178,0.025477707006369428,4.0,0.5,0.045454545454545456,2.0,0.2958987057984985,16.857142857142858,16.857142857142858,0.0,200
hwx9u0h,swp,0.0,0,0,0,,,,,,,,,,,200
hwx9u0h,tap,482.0,205,21709,14,0.475103734439834,0.03734439834024896,18.0,0.526829268292683,0.024390243902439025,5.0,0.6883070834565589,980.6428571428571,0.0,980.6428571428571,200
hwx9u0h,all,,292,34942,14,,,,0.4554794520547945,0.017123287671232876,5.0,0.504092731837072,90.71428571428571,8.642857142857142,82.07142857142857,200
vk43uke,acc,683.0,268,6706,14,0.06881405563689605,0.0,0.0,0.5783582089552238,0.20149253731343283,54.0,0.2428587507723485,73.92857142857143,73.92857142857143,0.0,200
vk43uke,gyr,617.0,265,5095,14,0.2560777957860616,0.012965964343598054,8.0,0.35471698113207545,0.018867924528301886,5.0,0.6640933980477319,110.78571428571429,110.78571428571429,0.0,200
vk43uke,swp,0.0,0,0,0,,,,,,,,,,,200
vk43uke,tap,1401.0,599,20396,14,0.4632405424696645,0.03568879371877231,50.0,0.5158597662771286,0.035058430717863104,21.0,0.3743559972064328,27.428571428571427,0.0,27.428571428571427,200
vk43uke,all,,1132,32197,14,,,,0.4929328621908127,0.06978798586572438,79.0,0.4086943297859559,17.285714285714285,1.5714285714285714,15.714285714285714,200
36z77qn,acc,223.0,247,7187,14,0.16143497757847533,0.013452914798206279,3.0,0.04048582995951417,0.0,0.0,0.253915572190386,78.5,78.5,0.0,200
36z77qn,gyr,173.0,67,5737,14,0.3236994219653179,0.023121387283236993,4.0,0.4626865671641791,0.07462686567164178,5.0,0.29915168336217374,11.928571428571429,11.928571428571429,0.0,200
36z77qn,swp,0.0,0,0,0,,,,,,,,,,,200
36z77qn,tap,454.0,193,21749,14,0.486784140969163,0.013215859030837005,6.0,0.5181347150259067,0.010362694300518135,2.0,0.26298616789303,96.71428571428571,0.0,96.71428571428571,200
36z77qn,all,,507,34673,14,,,,0.2781065088757396,0.013806706114398421,7.0,0.28374950987785663,27.285714285714285,2.0714285714285716,25.214285714285715,200
b0602fr,acc,354.0,148,7155,14,0.059322033898305086,0.0,0.0,0.4864864864864865,0.0472972972972973,7.0,0.15013801658370216,3.2142857142857144,3.2142857142857144,0.0,200
b0602fr,gyr,355.0,148,5474,14,0.323943661971831,0.036619718309859155,13.0,0.5540540540540541,0.08783783783783784,13.0,0.3988313469035591,43.714285714285715,43.714285714285715,0.0,200
b0602fr,swp,0.0,0,0,0,,,,,,,,,,,200
b0602fr,tap,1401.0,599,20396,14,0.2762312633832976,0.012134189864382585,17.0,0.28046744574290483,0.015025041736227046,9.0,0.5514014713235528,316.5,0.0,316.5,200
b0602fr,all,,895,33025,14,,,,0.35977653631284917,0.03128491620111732,28.0,0.4275335304725695,39.214285714285715,3.642857142857143,35.57142857142857,200
ftk8v41,acc,505.0,216,6936,14,0.0891089108910891,0.0039603960396039604,2.0,0.20833333333333334,0.013888888888888888,3.0,0.3826443566192009,47.42857142857143,47.42857142857143,0.0,200
ftk8v41,gyr,505.0,216,5256,14,0.2613861386138614,0.01782178217821782,9.0,0.4351851851851852,0.037037037037037035,8.0,0.6342460220320978,111.07142857142857,111.07142857142857,0.0,200
ftk8v41,swp,0.0,0,0,0,,,,,,,,,,,200
ftk8v41,tap,1401.0,599,20396,14,0.4318344039971449,0.013561741613133477,19.0,0.3756260434056761,0.001669449081803005,1.0,0.4193702093812003,71.07142857142857,0.0,71.07142857142857,200
ftk8v41,all,,1031,32588,14,,,,0.3530552861299709,0.01066925315227934,11.0,0.42681870278295897,54.07142857142857,9.428571428571429,44.642857142857146,200
l1doqao,acc,661.0,3,6993,14,0.06959152798789713,0.0045385779122541605,3.0,0.3333333333333333,0.0,0.0,0.39111465049220134,136.35714285714286,136.35714285714286,0.0,200
l1doqao,gyr,213.0,65,5699,14,0.3427230046948357,0.051643192488262914,11.0,0.27692307692307694,0.0,0.0,0.15369631457679261,9.214285714285714,9.214285714285714,0.0,200
l1doqao,swp,0.0,0,0,0,,,,,,,,,,,200
l1doqao,tap,730.0,311,21355,14,0.4917808219178082,0.057534246575342465,42.0,0.5048231511254019,0.03858520900321544,12.0,0.34684214091257637,12.642857142857142,0.0,12.642857142857142,200
l1doqao,all,,379,34047,14,,,,0.46437994722955145,0.0316622691292876,12.0,0.35106963662350443,11.571428571428571,0.9285714285714286,10.642857142857142,200
2cf0s6s,acc,503.0,181,6973,14,0.08349900596421471,0.0,0.0,1.0,0.4972375690607735,90.0,0.0,2.0,2.0,0.0,200
2cf0s6s,gyr,164.0,59,5754,14,0.3353658536585366,0.03048780487804878,5.0,0.6779661016949152,0.11864406779661017,7.0,0.02662935387996839,3.642857142857143,3.642857142857143,0.0,200
2cf0s6s,swp,0.0,0,0,0,,,,,,,,,,,200
2cf0s6s,tap,1215.0,520,20661,14,0.48559670781893005,0.03292181069958848,40.0,0.5307692307692308,0.028846153846153848,15.0,0.5321826274181988,343.92857142857144,0.0,343.92857142857144,200
2cf0s6s,all,,760,33388,14,,,,0.6539473684210526,0.13815789473684212,105.0,0.33126357971518716,119.78571428571429,2.0,117.78571428571429,200
n0g0zsv,acc,500.0,485,6672,14,0.07,0.006,3.0,0.002061855670103093,0.0,0.0,0.032040208679725575,2.0714285714285716,2.0714285714285716,0.0,200
n0g0zsv,gyr,641.0,257,5079,14,0.24804992199687986,0.015600624024960999,10.0,0.3346303501945525,0.007782101167315175,2.0,0.035016461358664576,4.785714285714286,4.785714285714286,0.0,200
n0g0zsv,swp,0.0,0,0,0,,,,,,,,,,,200
n0g0zsv,tap,1401.0,599,20396,14,0.5417558886509636,0.08779443254817987,123.0,0.5676126878130217,0.05175292153589316,31.0,0.24332515573736918,9.714285714285714,0.0,9.714285714285714,200
n0g0zsv,all,,1341,32147,14,,,,0.31841909023117076,0.023117076808351976,31.0,0.17761110829159385,9.285714285714286,0.35714285714285715,8.928571428571429,200
0z9xv36,acc,163.0,64,7430,14,0.05521472392638037,0.0,0.0,0.484375,0.15625,10.0,0.0,2.0,2.0,0.0,200
0z9xv36,gyr,163.0,64,5750,14,0.25153374233128833,0.0,0.0,0.359375,0.046875,3.0,0.008213257326440734,3.0,3.0,0.0,200
0z9xv36,swp,0.0,0,0,0,,,,,,,,,,,200
0z9xv36,tap,1401.0,599,20396,14,0.4796573875802998,0.054960742326909354,77.0,0.32554257095158595,0.0,0.0,0.4412621209303488,317.35714285714283,0.0,317.35714285714283,200
0z9xv36,all,,727,33576,14,,,,0.3425034387895461,0.015130674002751032,11.0,0.2749350894161387,28.214285714285715,1.7857142857142858,26.428571428571427,200
4su8oxl,acc,160.0,64,7433,14,0.1125,0.00625,1.0,0.453125,0.125,8.0,0.0,2.0,2.0,0.0,200
4su8oxl,gyr,158.0,62,5757,14,0.2721518987341772,0.0189873417721519,3.0,0.45161290322580644,0.06451612903225806,4.0,0.00015647003598810827,3.0,3.0,0.0,200
4su8oxl,swp,0.0,0,0,0,,,,,,,,,,,200
4su8oxl,tap,646.0,276,21474,14,0.47213622291021673,0.032507739938080496,21.0,0.6340579710144928,0.06159420289855073,17.0,0.3149530654989269,31.142857142857142,0.0,31.142857142857142,200
4su8oxl,all,,402,34664,14,,,,0.5771144278606966,0.06965174129353234,28.0,0.19696590120837207,16.071428571428573,0.7857142857142857,15.285714285714286,200
r2p4ljs,acc,131.0,54,7472,14,0.16793893129770993,0.007633587786259542,1.0,0.3888888888888889,0.05555555555555555,3.0,0.21614051276584817,43.857142857142854,43.857142857142854,0.0,200
r2p4ljs,gyr,130.0,54,5793,14,0.35384615384615387,0.03076923076923077,4.0,0.6111111111111112,0.12962962962962962,7.0,0.2595053628363554,16.0,16.0,0.0,200
r2p4ljs,swp,0.0,0,0,0,,,,,,,,,,,200
r2p4ljs,tap,1401.0,599,20396,14,0.5410421127765882,0.06852248394004283,96.0,0.5409015025041736,0.0333889816360601,20.0,0.296983211101205,17.214285714285715,0.0,17.214285714285715,200
r2p4ljs,all,,707,33661,14,,,,0.5346534653465347,0.042432814710042434,30.0,0.2606035980495608,17.5,1.6428571428571428,15.857142857142858,200
b1qt6gb,acc,83.0,28,7546,14,0.13253012048192772,0.0,0.0,0.35714285714285715,0.0,0.0,0.011122469667403935,2.2857142857142856,2.2857142857142856,0.0,200
b1qt6gb,gyr,82.0,28,5867,14,0.32926829268292684,0.012195121951219513,1.0,0.25,0.0,0.0,0.2592638880798197,12.357142857142858,12.357142857142858,0.0,200
b1qt6gb,swp,0.0,0,0,0,,,,,,,,,,,200
b1qt6gb,tap,576.0,246,21574,14,0.5190972222222222,0.07118055555555555,41.0,0.4634146341463415,0.016260162601626018,4.0,0.4130767393279224,22.0,0.0,22.0,200
b1qt6gb,all,,302,34987,14,,,,0.4337748344370861,0.013245033112582781,4.0,0.29305301115664284,18.857142857142858,0.7142857142857143,18.142857142857142,200
sqhkewt,acc,470.0,86,7101,14,0.07446808510638298,0.00425531914893617,2.0,0.6511627906976745,0.1511627906976744,13.0,0.29368529971466195,20.928571428571427,20.928571428571427,0.0,200
sqhkewt,gyr,116.0,49,5812,14,0.29310344827586204,0.02586206896551724,3.0,0.3673469387755102,0.04081632653061224,2.0,0.19195946844043038,13.785714285714286,13.785714285714286,0.0,200
sqhkewt,swp,0.0,0,0,0,,,,,,,,,,,200
sqhkewt,tap,380.0,162,21854,14,0.5131578947368421,0.06842105263157895,26.0,0.6111111111111112,0.06790123456790123,11.0,0.19896461249822653,9.071428571428571,0.0,9.071428571428571,200
sqhkewt,all,,297,34767,14,,,,0.5824915824915825,0.08417508417508418,25.0,0.23559864971878874,8.714285714285714,0.5714285714285714,8.142857142857142,200
cp7kjhx,acc,150.0,61,7446,14,0.10666666666666667,0.0,0.0,0.06557377049180328,0.0,0.0,0.45605544184194774,130.07142857142858,130.07142857142858,0.0,300
cp7kjhx,gyr,151.0,61,5765,14,0.2980132450331126,0.019867549668874173,3.0,0.22950819672131148,0.0,0.0,0.6247448976340636,125.0,125.0,0.0,300
cp7kjhx,swp,0.0,0,0,0,,,,,,,,,,,300
cp7kjhx,tap,1401.0,599,20396,14,0.39828693790149894,0.02569593147751606,36.0,0.4757929883138564,0.0333889816360601,20.0,0.6327058525412327,646.0714285714286,0.0,646.0714285714286,300
cp7kjhx,all,,721,33607,14,,,,0.420249653259362,0.022191400832177532,16.0,0.5646752813653872,553.2857142857143,102.35714285714286,450.92857142857144,300
r13q05q,acc,739.0,227,6691,14,0.06359945872801083,0.0027063599458728013,2.0,0.00881057268722467,0.0,0.0,0.1608232315671427,21.428571428571427,21.428571428571427,0.0,300
r13q05q,gyr,640.0,273,5064,14,0.275,0.009375,6.0,0.14652014652014653,0.007326007326007326,2.0,0.10686753411480412,5.857142857142857,5.857142857142857,0.0,300
r13q05q,swp,0.0,0,0,0,,,,,,,,,,,300
r13q05q,tap,1401.0,599,20396,14,0.3561741613133476,0.03354746609564597,47.0,0.3555926544240401,0.025041736227045076,15.0,0.28391642198382244,7.071428571428571,0.0,7.071428571428571,300
r13q05q,all,,1099,32151,14,,,,0.23202911737943585,0.01091901728844404,12.0,0.24784500335825158,7.0,0.5,6.5,300
hwx9u0h,acc,157.0,43,7457,14,0.07643312101910828,0.0,0.0,0.06976744186046512,0.0,0.0,0.06689392006177443,2.642857142857143,2.642857142857143,0.0,300
hwx9u0h,gyr,157.0,44,5776,14,0.3375796178343949,0.03184713375796178,5.0,0.5,0.045454545454545456,2.0,0.29679520033685597,16.928571428571427,16.928571428571427,0.0,300
hwx9u0h,swp,0.0,0,0,0,,,,,,,,,,,300
hwx9u0h,tap,482.0,205,21709,14,0.4170124481327801,0.024896265560165973,12.0,0.47804878048780486,0.00975609756097561,2.0,0.7456298152748018,990.8571428571429,0.0,990.8571428571429,300
hwx9u0h,all,,292,34942,14,,,,0.4212328767123288,0.00684931506849315,2.0,0.5366753141627897,106.14285714285714,9.714285714285714,96.42857142857143,300
vk43uke,acc,683.0,268,6706,14,0.07320644216691069,0.0014641288433382138,1.0,0.582089552238806,0.20522388059701493,55.0,0.24034371748802372,73.92857142857143,73.92857142857143,0.0,300
vk43uke,gyr,617.0,265,5095,14,0.2706645056726094,0.017828200972447326,11.0,0.37735849056603776,0.022641509433962263,6.0,0.6548315975626319,110.5,110.5,0.0,300
vk43uke,swp,0.0,0,0,0,,,,,,,,,,,300
vk43uke,tap,1401.0,599,20396,14,0.37544610992148464,0.02069950035688794,29.0,0.4590984974958264,0.025041736227045076,15.0,0.41196503228348696,48.5,0.0,48.5,300
vk43uke,all,,1132,32197,14,,,,0.46908127208480566,0.06537102473498234,74.0,0.4288379532339527,25.357142857142858,2.642857142857143,22.714285714285715,300
36z77qn,acc,223.0,247,7187,14,0.16591928251121077,0.013452914798206279,3.0,0.044534412955465584,0.0,0.0,0.246243930007429,77.92857142857143,77.92857142857143,0.0,300
36z77qn,gyr,173.0,67,5737,14,0.3236994219653179,0.028901734104046242,5.0,0.47761194029850745,0.07462686567164178,5.0,0.29599044552238735,11.5,11.5,0.0,300
36z77qn,swp,0.0,0,0,0,,,,,,,,,,,300
36z77qn,tap,454.0,193,21749,14,0.43832599118942733,0.006607929515418502,3.0,0.48704663212435234,0.0,0.0,0.29721410874315385,105.85714285714286,0.0,105.85714285714286,300
36z77qn,all,,507,34673,14,,,,0.2702169625246548,0.011834319526627219,6.0,0.30444128674747123,33.785714285714285,2.0714285714285716,31.714285714285715,300
b0602fr,acc,354.0,148,7155,14,0.059322033898305086,0.0,0.0,0.5202702702702703,0.060810810810810814,9.0,0.1321958689002435,3.0714285714285716,3.0714285714285716,0.0,300
b0602fr,gyr,355.0,148,5474,14,0.3295774647887324,0.03943661971830986,14.0,0.5675675675675675,0.08783783783783784,13.0,0.3930307579336137,43.57142857142857,43.57142857142857,0.0,300
b0602fr,swp,0.0,0,0,0,,,,,,,,,,,300
b0602fr,tap,1401.0,599,20396,14,0.3533190578158458,0.014989293361884369,21.0,0.31886477462437396,0.008347245409015025,5.0,0.4801752544435276,366.92857142857144,0.0,366.92857142857144,300
b0602fr,all,,895,33025,14,,,,0.39329608938547483,0.027932960893854747,25.0,0.3806201550560875,39.214285714285715,3.5,35.714285714285715,300
ftk8v41,acc,505.0,216,6936,14,0.09108910891089109,0.0039603960396039604,2.0,0.2361111111111111,0.018518518518518517,4.0,0.3465240549069272,46.357142857142854,46.357142857142854,0.0,300
ftk8v41,gyr,505.0,216,5256,14,0.2633663366336634,0.019801980198019802,10.0,0.4398148148148148,0.041666666666666664,9.0,0.6289108929677524,111.07142857142857,111.07142857142857,0.0,300
ftk8v41,swp,0.0,0,0,0,,,,,,,,,,,300
ftk8v41,tap,1401.0,599,20396,14,0.38615274803711636,0.011420413990007138,16.0,0.32053422370617696,0.0,0.0,0.4900449411817031,90.35714285714286,0.0,90.35714285714286,300
ftk8v41,all,,1031,32588,14,,,,0.32783705140640157,0.009699321047526674,10.0,0.4591738078357074,55.785714285714285,9.928571428571429,45.857142857142854,300
l1doqao,acc,661.0,3,6993,14,0.07110438729198185,0.006051437216338881,4.0,0.3333333333333333,0.0,0.0,0.378515391875046,136.07142857142858,136.07142857142858,0.0,300
l1doqao,gyr,213.0,65,5699,14,0.36619718309859156,0.051643192488262914,11.0,0.2923076923076923,0.0,0.0,0.14585134257007315,9.214285714285714,9.214285714285714,0.0,300
l1doqao,swp,0.0,0,0,0,,,,,,,,,,,300
l1doqao,tap,730.0,311,21355,14,0.4397260273972603,0.03287671232876712,24.0,0.4694533762057878,0.022508038585209004,7.0,0.37486469714570436,18.214285714285715,0.0,18.214285714285715,300
l1doqao,all,,379,34047,14,,,,0.43799472295514513,0.018469656992084433,7.0,0.365862555353356,14.428571428571429,1.1428571428571428,13.285714285714286,300
2cf0s6s,acc,503.0,181,6973,14,0.08946322067594434,0.0,0.0,1.0,0.4972375690607735,90.0,0.0,2.0,2.0,0.0,300
2cf0s6s,gyr,164.0,59,5754,14,0.3597560975609756,0.03048780487804878,5.0,0.6779661016949152,0.11864406779661017,7.0,0.02671178159068572,3.642857142857143,3.642857142857143,0.0,300
2cf0s6s,swp,0.0,0,0,0,,,,,,,,,,,300
2cf0s6s,tap,1215.0,520,20661,14,0.43209876543209874,0.0205761316872428,25.0,0.4826923076923077,0.019230769230769232,10.0,0.6315065102764408,714.5,0.0,714.5,300
2cf0s6s,all,,760,33388,14,,,,0.6210526315789474,0.12763157894736843,97.0,0.39690169782963863,175.57142857142858,2.857142857142857,172.71428571428572,300
n0g0zsv,acc,500.0,485,6672,14,0.07,0.008,4.0,0.002061855670103093,0.0,0.0,0.029468224080419995,2.0714285714285716,2.0714285714285716,0.0,300
n0g0zsv,gyr,641.0,257,5079,14,0.26365054602184085,0.0187207488299532,12.0,0.3424124513618677,0.011673151750972763,3.0,0.03127119511623599,4.642857142857143,4.642857142857143,0.0,300
n0g0zsv,swp,0.0,0,0,0,,,,,,,,,,,300
n0g0zsv,tap,1401.0,599,20396,14,0.41113490364025695,0.0649536045681656,91.0,0.42237061769616024,0.048414023372287146,29.0,0.3000212856089953,8.714285714285714,0.0,8.714285714285714,300
n0g0zsv,all,,1341,32147,14,,,,0.2550335570469799,0.02237136465324385,30.0,0.2105951349590514,8.5,0.35714285714285715,8.142857142857142,300
0z9xv36,acc,163.0,64,7430,14,0.05521472392638037,0.0,0.0,0.484375,0.15625,10.0,0.0,2.0,2.0,0.0,300
0z9xv36,gyr,163.0,64,5750,14,0.26380368098159507,0.0,0.0,0.359375,0.03125,2.0,0.008213257326440734,3.0,3.0,0.0,300
0z9xv36,swp,0.0,0,0,0,,,,,,,,,,,300
0z9xv36,tap,1401.0,599,20396,14,0.4318344039971449,0.049964311206281226,70.0,0.28213689482470783,0.0,0.0,0.4929115287131909,326.35714285714283,0.0,326.35714285714283,300
0z9xv36,all,,727,33576,14,,,,0.30674002751031637,0.015130674002751032,11.0,0.3054941630560538,28.357142857142858,1.9285714285714286,26.428571428571427,300
4su8oxl,acc,160.0,64,7433,14,0.1125,0.00625,1.0,0.453125,0.125,8.0,0.0,2.0,2.0,0.0,300
4su8oxl,gyr,158.0,62,5757,14,0.27848101265822783,0.0189873417721519,3.0,0.45161290322580644,0.06451612903225806,4.0,7.823501799405414e-05,3.0,3.0,0.0,300
4su8oxl,swp,0.0,0,0,0,,,,,,,,,,,300
4su8oxl,tap,646.0,276,21474,14,0.456656346749226,0.03560371517027864,23.0,0.6159420289855072,0.06521739130434782,18.0,0.32019641782864955,31.357142857142858,0.0,31.357142857142858,300
4su8oxl,all,,402,34664,14,,,,0.5646766169154229,0.06965174129353234,28.0,0.200494076160545,15.357142857142858,0.7857142857142857,14.571428571428571,300
r2p4ljs,acc,131.0,54,7472,14,0.17557251908396945,0.007633587786259542,1.0,0.4074074074074074,0.05555555555555555,3.0,0.2145538381756467,43.785714285714285,43.785714285714285,0.0,300
r2p4ljs,gyr,130.0,54,5793,14,0.36923076923076925,0.038461538461538464,5.0,0.6111111111111112,0.12962962962962962,7.0,0.24895398444443087,15.642857142857142,15.642857142857142,0.0,300
r2p4ljs,swp,0.0,0,0,0,,,,,,,,,,,300
r2p4ljs,tap,1401.0,599,20396,14,0.4675231977159172,0.04568165596002855,64.0,0.4724540901502504,0.02003338898163606,12.0,0.336914335466787,20.857142857142858,0.0,20.857142857142858,300
r2p4ljs,all,,707,33661,14,,,,0.4780763790664781,0.03253182461103253,23.0,0.28351414673323844,17.214285714285715,1.2142857142857142,16.0,300
b1qt6gb,acc,83.0,28,7546,14,0.13253012048192772,0.0,0.0,0.35714285714285715,0.0,0.0,0.010552016990912063,2.2857142857142856,2.2857142857142856,0.0,300
b1qt6gb,gyr,82.0,28,5867,14,0.32926829268292684,0.012195121951219513,1.0,0.25,0.0,0.0,0.267820173592952,12.571428571428571,12.571428571428571,0.0,300
b1qt6gb,swp,0.0,0,0,0,,,,,,,,,,,300
b1qt6gb,tap,576.0,246,21574,14,0.4930555555555556,0.0625,36.0,0.42276422764227645,0.012195121951219513,3.0,0.44169752078932145,23.285714285714285,0.0,23.285714285714285,300
b1qt6gb,all,,302,34987,14,,,,0.40066225165562913,0.009933774834437087,3.0,0.3132809785993045,19.214285714285715,0.7142857142857143,18.5,300
sqhkewt,acc,470.0,86,7101,14,0.08085106382978724,0.00425531914893617,2.0,0.686046511627907,0.16279069767441862,14.0,0.28620188121440115,20.785714285714285,20.785714285714285,0.0,300
sqhkewt,gyr,116.0,49,5812,14,0.31896551724137934,0.02586206896551724,3.0,0.3673469387755102,0.04081632653061224,2.0,0.19081453528485864,14.0,14.0,0.0,300
sqhkewt,swp,0.0,0,0,0,,,,,,,,,,,300
sqhkewt,tap,380.0,162,21854,14,0.46578947368421053,0.02894736842105263,11.0,0.5617283950617284,0.043209876543209874,7.0,0.22592050930790933,11.785714285714286,0.0,11.785714285714286,300
sqhkewt,all,,297,34767,14,,,,0.5656565656565656,0.07407407407407407,22.0,0.25023292394873625,10.285714285714286,0.6428571428571429,9.642857142857142,300
