FAR,FRR,FRR_Conf,Fold,MeanNumOfAttData,Module,NumOfAcceptTL,NumOfOrgUserTstData,NumOfUnlocks,OriginalUser
0.0796812749003984,0.620253164556962,0.20253164556962025,f0,507.2631578947368,acc,2.0,79.0,16.0,szmkl5t
0.0796812749003984,0.5569620253164557,0.13924050632911392,f1,507.2631578947368,acc,2.0,79.0,11.0,szmkl5t
0.09561752988047809,0.569620253164557,0.16455696202531644,f2,507.2631578947368,acc,2.0,79.0,13.0,szmkl5t
0.08366533864541832,0.5897435897435898,0.16666666666666666,f3,507.2631578947368,acc,2.0,78.0,13.0,szmkl5t
0.0796812749003984,0.3717948717948718,0.038461538461538464,f4,507.2631578947368,acc,2.0,78.0,3.0,szmkl5t
0.30416666666666664,0.569620253164557,0.1518987341772152,f0,484.7368421052632,gyr,6.0,79.0,12.0,szmkl5t
0.325,0.5822784810126582,0.13924050632911392,f1,484.7368421052632,gyr,6.0,79.0,11.0,szmkl5t
0.325,0.569620253164557,0.13924050632911392,f2,484.7368421052632,gyr,6.0,79.0,11.0,szmkl5t
0.2875,0.48717948717948717,0.10256410256410256,f3,484.7368421052632,gyr,6.0,78.0,8.0,szmkl5t
0.32916666666666666,0.5384615384615384,0.1282051282051282,f4,484.7368421052632,gyr,6.0,78.0,10.0,szmkl5t
0.6177777777777778,0.6262626262626263,0.1717171717171717,f0,1659.421052631579,ges,2.0,198.0,34.0,szmkl5t
0.6355555555555555,0.5404040404040404,0.12121212121212122,f1,1659.421052631579,ges,2.0,198.0,24.0,szmkl5t
0.64,0.5707070707070707,0.12626262626262627,f2,1659.421052631579,ges,2.0,198.0,25.0,szmkl5t
0.6118518518518519,0.5279187817258884,0.1065989847715736,f3,1659.421052631579,ges,2.0,197.0,21.0,szmkl5t
0.6148148148148148,0.5380710659898477,0.116751269035533,f4,1659.421052631579,ges,2.0,197.0,23.0,szmkl5t
0.075,0.4430379746835443,0.0759493670886076,f0,456.57894736842104,ttl,2.0,79.0,6.0,szmkl5t
0.075,0.4430379746835443,0.0379746835443038,f1,456.57894736842104,ttl,2.0,79.0,3.0,szmkl5t
0.07916666666666666,0.4177215189873418,0.06329113924050633,f2,456.57894736842104,ttl,2.0,79.0,5.0,szmkl5t
0.075,0.34615384615384615,0.02564102564102564,f3,456.57894736842104,ttl,2.0,78.0,2.0,szmkl5t
0.05,0.3974358974358974,0.0641025641025641,f4,456.57894736842104,ttl,2.0,78.0,5.0,szmkl5t
0.0199203187250996,0.5337837837837838,0.12837837837837837,f0,489.0,acc,2.0,148.0,19.0,o16roh6
0.02390438247011952,0.5405405405405406,0.11486486486486487,f1,489.0,acc,2.0,148.0,17.0,o16roh6
0.027888446215139442,0.5945945945945946,0.1554054054054054,f2,489.0,acc,2.0,148.0,23.0,o16roh6
0.02390438247011952,0.5608108108108109,0.14864864864864866,f3,489.0,acc,2.0,148.0,22.0,o16roh6
0.01195219123505976,0.47297297297297297,0.08108108108108109,f4,489.0,acc,2.0,148.0,12.0,o16roh6
0.3416666666666667,0.581081081081081,0.14189189189189189,f0,466.4736842105263,gyr,2.0,148.0,21.0,o16roh6
0.3416666666666667,0.5878378378378378,0.1891891891891892,f1,466.4736842105263,gyr,2.0,148.0,28.0,o16roh6
0.32916666666666666,0.5135135135135135,0.11486486486486487,f2,466.4736842105263,gyr,2.0,148.0,17.0,o16roh6
0.2916666666666667,0.5202702702702703,0.12162162162162163,f3,466.4736842105263,gyr,2.0,148.0,18.0,o16roh6
0.3,0.4797297297297297,0.10135135135135136,f4,466.4736842105263,gyr,2.0,148.0,15.0,o16roh6
0.7125925925925926,0.576530612244898,0.1326530612244898,f0,1660.0526315789473,ges,2.0,196.0,26.0,o16roh6
0.7422222222222222,0.6102564102564103,0.1641025641025641,f1,1660.0526315789473,ges,51.0,195.0,32.0,o16roh6
0.6888888888888889,0.48717948717948717,0.08205128205128205,f2,1660.0526315789473,ges,2.0,195.0,16.0,o16roh6
0.6755555555555556,0.4358974358974359,0.046153846153846156,f3,1660.0526315789473,ges,2.0,195.0,9.0,o16roh6
0.7333333333333333,0.5692307692307692,0.13846153846153847,f4,1660.0526315789473,ges,51.0,195.0,27.0,o16roh6
0.10416666666666667,0.44594594594594594,0.10135135135135136,f0,438.3157894736842,ttl,2.0,148.0,15.0,o16roh6
0.12916666666666668,0.42567567567567566,0.08783783783783784,f1,438.3157894736842,ttl,2.0,148.0,13.0,o16roh6
0.10833333333333334,0.42567567567567566,0.060810810810810814,f2,438.3157894736842,ttl,2.0,148.0,9.0,o16roh6
0.09166666666666666,0.39864864864864863,0.06756756756756757,f3,438.3157894736842,ttl,2.0,148.0,10.0,o16roh6
0.0875,0.38513513513513514,0.060810810810810814,f4,438.3157894736842,ttl,2.0,148.0,9.0,o16roh6
0.0796812749003984,0.6845637583892618,0.22818791946308725,f0,488.94736842105266,acc,2.0,149.0,34.0,7stgp0r
0.06772908366533864,0.4594594594594595,0.08783783783783784,f1,488.94736842105266,acc,2.0,148.0,13.0,7stgp0r
0.07171314741035857,0.5337837837837838,0.12837837837837837,f2,488.94736842105266,acc,2.0,148.0,19.0,7stgp0r
0.08366533864541832,0.5878378378378378,0.1554054054054054,f3,488.94736842105266,acc,2.0,148.0,23.0,7stgp0r
0.07171314741035857,0.5067567567567568,0.10810810810810811,f4,488.94736842105266,acc,2.0,148.0,16.0,7stgp0r
0.38333333333333336,0.5906040268456376,0.15436241610738255,f0,466.42105263157896,gyr,2.0,149.0,23.0,7stgp0r
0.37916666666666665,0.5405405405405406,0.12162162162162163,f1,466.42105263157896,gyr,2.0,148.0,18.0,7stgp0r
0.3875,0.5405405405405406,0.11486486486486487,f2,466.42105263157896,gyr,2.0,148.0,17.0,7stgp0r
0.3958333333333333,0.49324324324324326,0.08783783783783784,f3,466.42105263157896,gyr,2.0,148.0,13.0,7stgp0r
0.39166666666666666,0.5,0.12162162162162163,f4,466.42105263157896,gyr,2.0,148.0,18.0,7stgp0r
0.6918518518518518,0.5890052356020943,0.16753926701570682,f0,1611.0526315789473,ges,2.0,382.0,64.0,7stgp0r
0.6725925925925926,0.4816753926701571,0.09947643979057591,f1,1611.0526315789473,ges,2.0,382.0,38.0,7stgp0r
0.6725925925925926,0.4671916010498688,0.08661417322834646,f2,1611.0526315789473,ges,2.0,381.0,33.0,7stgp0r
0.6977777777777778,0.5616797900262467,0.13910761154855644,f3,1611.0526315789473,ges,2.0,381.0,53.0,7stgp0r
0.7037037037037037,0.5879265091863517,0.16272965879265092,f4,1611.0526315789473,ges,2.0,381.0,62.0,7stgp0r
0.125,0.5369127516778524,0.12751677852348994,f0,438.2631578947368,ttl,2.0,149.0,19.0,7stgp0r
0.12083333333333333,0.4391891891891892,0.07432432432432433,f1,438.2631578947368,ttl,2.0,148.0,11.0,7stgp0r
0.11666666666666667,0.42567567567567566,0.06756756756756757,f2,438.2631578947368,ttl,2.0,148.0,10.0,7stgp0r
0.125,0.41216216216216217,0.060810810810810814,f3,438.2631578947368,ttl,2.0,148.0,9.0,7stgp0r
0.125,0.40540540540540543,0.06756756756756757,f4,438.2631578947368,ttl,2.0,148.0,10.0,7stgp0r
0.0,0.48322147651006714,0.087248322147651,f0,488.94736842105266,acc,2.0,149.0,13.0,sxvkh3b
0.0,0.581081081081081,0.1554054054054054,f1,488.94736842105266,acc,2.0,148.0,23.0,sxvkh3b
0.0,0.5202702702702703,0.11486486486486487,f2,488.94736842105266,acc,2.0,148.0,17.0,sxvkh3b
0.0,0.6283783783783784,0.17567567567567569,f3,488.94736842105266,acc,2.0,148.0,26.0,sxvkh3b
0.0,0.5067567567567568,0.11486486486486487,f4,488.94736842105266,acc,2.0,148.0,17.0,sxvkh3b
0.25833333333333336,0.4966442953020134,0.09395973154362416,f0,466.42105263157896,gyr,7.0,149.0,14.0,sxvkh3b
0.29583333333333334,0.5675675675675675,0.14189189189189189,f1,466.42105263157896,gyr,7.0,148.0,21.0,sxvkh3b
0.2833333333333333,0.6013513513513513,0.1554054054054054,f2,466.42105263157896,gyr,7.0,148.0,23.0,sxvkh3b
0.2791666666666667,0.5337837837837838,0.12162162162162163,f3,466.42105263157896,gyr,7.0,148.0,18.0,sxvkh3b
0.2791666666666667,0.5337837837837838,0.12162162162162163,f4,466.42105263157896,gyr,7.0,148.0,18.0,sxvkh3b
0.8562962962962963,0.56,0.14285714285714285,f0,1619.421052631579,ges,191.0,350.0,50.0,sxvkh3b
0.8548148148148148,0.56,0.14,f1,1619.421052631579,ges,191.0,350.0,49.0,sxvkh3b
0.8696296296296296,0.5571428571428572,0.14,f2,1619.421052631579,ges,191.0,350.0,49.0,sxvkh3b
0.8607407407407407,0.5644699140401146,0.14040114613180515,f3,1619.421052631579,ges,191.0,349.0,49.0,sxvkh3b
0.8518518518518519,0.5616045845272206,0.13753581661891118,f4,1619.421052631579,ges,191.0,349.0,48.0,sxvkh3b
0.0,0.3959731543624161,0.04697986577181208,f0,438.2631578947368,ttl,2.0,149.0,7.0,sxvkh3b
0.0,0.44594594594594594,0.06756756756756757,f1,438.2631578947368,ttl,2.0,148.0,10.0,sxvkh3b
0.0,0.44594594594594594,0.060810810810810814,f2,438.2631578947368,ttl,2.0,148.0,9.0,sxvkh3b
0.0,0.5135135135135135,0.11486486486486487,f3,438.2631578947368,ttl,2.0,148.0,17.0,sxvkh3b
0.0,0.5135135135135135,0.10810810810810811,f4,438.2631578947368,ttl,2.0,148.0,16.0,sxvkh3b
0.10756972111553785,0.5377358490566038,0.12264150943396226,f0,500.05263157894734,acc,2.0,106.0,13.0,ta0ko40
0.12749003984063745,0.5943396226415094,0.16037735849056603,f1,500.05263157894734,acc,2.0,106.0,17.0,ta0ko40
0.12350597609561753,0.5849056603773585,0.1792452830188679,f2,500.05263157894734,acc,2.0,106.0,19.0,ta0ko40
0.11553784860557768,0.5188679245283019,0.10377358490566038,f3,500.05263157894734,acc,2.0,106.0,11.0,ta0ko40
0.11952191235059761,0.5,0.11320754716981132,f4,500.05263157894734,acc,2.0,106.0,12.0,ta0ko40
0.5458333333333333,0.5188679245283019,0.11320754716981132,f0,477.5263157894737,gyr,6.0,106.0,12.0,ta0ko40
0.5416666666666666,0.5566037735849056,0.10377358490566038,f1,477.5263157894737,gyr,6.0,106.0,11.0,ta0ko40
0.5416666666666666,0.5188679245283019,0.10377358490566038,f2,477.5263157894737,gyr,6.0,106.0,11.0,ta0ko40
0.5416666666666666,0.5660377358490566,0.1320754716981132,f3,477.5263157894737,gyr,6.0,106.0,14.0,ta0ko40
0.55,0.5283018867924528,0.11320754716981132,f4,477.5263157894737,gyr,6.0,106.0,12.0,ta0ko40
0.7274074074074074,0.5882352941176471,0.16470588235294117,f0,1644.421052631579,ges,2.0,255.0,42.0,ta0ko40
0.7081481481481482,0.40784313725490196,0.047058823529411764,f1,1644.421052631579,ges,4.0,255.0,12.0,ta0ko40
0.7718518518518519,0.4745098039215686,0.08627450980392157,f2,1644.421052631579,ges,182.0,255.0,22.0,ta0ko40
0.7125925925925926,0.4448818897637795,0.07086614173228346,f3,1644.421052631579,ges,2.0,254.0,18.0,ta0ko40
0.7807407407407407,0.4881889763779528,0.08661417322834646,f4,1644.421052631579,ges,182.0,254.0,22.0,ta0ko40
0.22083333333333333,0.4056603773584906,0.0660377358490566,f0,449.36842105263156,ttl,2.0,106.0,7.0,ta0ko40
0.24166666666666667,0.44339622641509435,0.0660377358490566,f1,449.36842105263156,ttl,2.0,106.0,7.0,ta0ko40
0.2625,0.4811320754716981,0.07547169811320754,f2,449.36842105263156,ttl,2.0,106.0,8.0,ta0ko40
0.23333333333333334,0.41509433962264153,0.02830188679245283,f3,449.36842105263156,ttl,2.0,106.0,3.0,ta0ko40
0.2625,0.4056603773584906,0.05660377358490566,f4,449.36842105263156,ttl,2.0,106.0,6.0,ta0ko40
0.0,0.5492957746478874,0.14084507042253522,f0,509.3157894736842,acc,2.0,71.0,10.0,otu8x88
0.0,0.5633802816901409,0.14084507042253522,f1,509.3157894736842,acc,2.0,71.0,10.0,otu8x88
0.0,0.49295774647887325,0.08450704225352113,f2,509.3157894736842,acc,2.0,71.0,6.0,otu8x88
0.0,0.49295774647887325,0.09859154929577464,f3,509.3157894736842,acc,2.0,71.0,7.0,otu8x88
0.0,0.5571428571428572,0.18571428571428572,f4,509.3157894736842,acc,2.0,70.0,13.0,otu8x88
0.21666666666666667,0.6666666666666666,0.19444444444444445,f0,486.57894736842104,gyr,2.0,72.0,14.0,otu8x88
0.22083333333333333,0.5972222222222222,0.1388888888888889,f1,486.57894736842104,gyr,2.0,72.0,10.0,otu8x88
0.18333333333333332,0.5277777777777778,0.1111111111111111,f2,486.57894736842104,gyr,2.0,72.0,8.0,otu8x88
0.20833333333333334,0.4788732394366197,0.09859154929577464,f3,486.57894736842104,gyr,2.0,71.0,7.0,otu8x88
0.20833333333333334,0.49295774647887325,0.09859154929577464,f4,486.57894736842104,gyr,2.0,71.0,7.0,otu8x88
0.6637037037037037,0.5512820512820513,0.11538461538461539,f0,1690.8947368421052,ges,2.0,78.0,9.0,otu8x88
0.6711111111111111,0.5128205128205128,0.08974358974358974,f1,1690.8947368421052,ges,2.0,78.0,7.0,otu8x88
0.6696296296296296,0.5897435897435898,0.14102564102564102,f2,1690.8947368421052,ges,2.0,78.0,11.0,otu8x88
0.6637037037037037,0.5256410256410257,0.11538461538461539,f3,1690.8947368421052,ges,2.0,78.0,9.0,otu8x88
0.6696296296296296,0.5897435897435898,0.15384615384615385,f4,1690.8947368421052,ges,2.0,78.0,12.0,otu8x88
0.0,0.4507042253521127,0.08450704225352113,f0,458.63157894736844,ttl,2.0,71.0,6.0,otu8x88
0.0,0.4788732394366197,0.09859154929577464,f1,458.63157894736844,ttl,2.0,71.0,7.0,otu8x88
0.0,0.39436619718309857,0.04225352112676056,f2,458.63157894736844,ttl,2.0,71.0,3.0,otu8x88
0.0,0.4225352112676056,0.056338028169014086,f3,458.63157894736844,ttl,2.0,71.0,4.0,otu8x88
0.0,0.4142857142857143,0.07142857142857142,f4,458.63157894736844,ttl,2.0,70.0,5.0,otu8x88
0.0,0.5714285714285714,0.14285714285714285,f0,513.2105263157895,acc,2.0,56.0,8.0,3pmv9aq
0.0,0.5535714285714286,0.17857142857142858,f1,513.2105263157895,acc,2.0,56.0,10.0,3pmv9aq
0.0,0.6071428571428571,0.14285714285714285,f2,513.2105263157895,acc,2.0,56.0,8.0,3pmv9aq
0.0,0.5714285714285714,0.125,f3,513.2105263157895,acc,2.0,56.0,7.0,3pmv9aq
0.0,0.4642857142857143,0.07142857142857142,f4,513.2105263157895,acc,2.0,56.0,4.0,3pmv9aq
0.2375,0.5306122448979592,0.10204081632653061,f0,492.5263157894737,gyr,2.0,49.0,5.0,3pmv9aq
0.225,0.4897959183673469,0.061224489795918366,f1,492.5263157894737,gyr,2.0,49.0,3.0,3pmv9aq
0.21666666666666667,0.6122448979591837,0.16326530612244897,f2,492.5263157894737,gyr,2.0,49.0,8.0,3pmv9aq
0.25,0.5918367346938775,0.14285714285714285,f3,492.5263157894737,gyr,2.0,49.0,7.0,3pmv9aq
0.22083333333333333,0.3877551020408163,0.02040816326530612,f4,492.5263157894737,gyr,2.0,49.0,1.0,3pmv9aq
0.8148148148148148,0.6126126126126126,0.16216216216216217,f0,1682.3157894736842,ges,191.0,111.0,18.0,3pmv9aq
0.8074074074074075,0.6396396396396397,0.1891891891891892,f1,1682.3157894736842,ges,51.0,111.0,21.0,3pmv9aq
0.794074074074074,0.5225225225225225,0.10810810810810811,f2,1682.3157894736842,ges,4.0,111.0,12.0,3pmv9aq
0.7762962962962963,0.45454545454545453,0.08181818181818182,f3,1682.3157894736842,ges,4.0,110.0,9.0,3pmv9aq
0.7925925925925926,0.509090909090909,0.08181818181818182,f4,1682.3157894736842,ges,4.0,110.0,9.0,3pmv9aq
0.0,0.5102040816326531,0.12244897959183673,f0,464.36842105263156,ttl,2.0,49.0,6.0,3pmv9aq
0.0,0.5510204081632653,0.12244897959183673,f1,464.36842105263156,ttl,2.0,49.0,6.0,3pmv9aq
0.0,0.5714285714285714,0.12244897959183673,f2,464.36842105263156,ttl,2.0,49.0,6.0,3pmv9aq
0.0,0.3673469387755102,0.04081632653061224,f3,464.36842105263156,ttl,2.0,49.0,2.0,3pmv9aq
0.0,0.2857142857142857,0.0,f4,464.36842105263156,ttl,2.0,49.0,0.0,3pmv9aq
0.0,0.6111111111111112,0.25,f0,518.6315789473684,acc,2.0,36.0,9.0,bh4vm6o
0.0,0.4722222222222222,0.16666666666666666,f1,518.6315789473684,acc,2.0,36.0,6.0,bh4vm6o
0.0,0.6857142857142857,0.2571428571428571,f2,518.6315789473684,acc,2.0,35.0,9.0,bh4vm6o
0.0,0.6285714285714286,0.22857142857142856,f3,518.6315789473684,acc,2.0,35.0,8.0,bh4vm6o
0.0,0.42857142857142855,0.11428571428571428,f4,518.6315789473684,acc,2.0,35.0,4.0,bh4vm6o
0.1375,0.5,0.1111111111111111,f0,496.1578947368421,gyr,2.0,36.0,4.0,bh4vm6o
0.15,0.6285714285714286,0.17142857142857143,f1,496.1578947368421,gyr,2.0,35.0,6.0,bh4vm6o
0.13333333333333333,0.4857142857142857,0.11428571428571428,f2,496.1578947368421,gyr,2.0,35.0,4.0,bh4vm6o
0.12083333333333333,0.4857142857142857,0.11428571428571428,f3,496.1578947368421,gyr,2.0,35.0,4.0,bh4vm6o
0.14583333333333334,0.6285714285714286,0.17142857142857143,f4,496.1578947368421,gyr,2.0,35.0,6.0,bh4vm6o
0.6962962962962963,0.5396825396825397,0.09523809523809523,f0,1695.0526315789473,ges,4.0,63.0,6.0,bh4vm6o
0.6903703703703704,0.5161290322580645,0.08064516129032258,f1,1695.0526315789473,ges,2.0,62.0,5.0,bh4vm6o
0.6844444444444444,0.5,0.0967741935483871,f2,1695.0526315789473,ges,2.0,62.0,6.0,bh4vm6o
0.7333333333333333,0.46774193548387094,0.11290322580645161,f3,1695.0526315789473,ges,51.0,62.0,7.0,bh4vm6o
0.7096296296296296,0.6612903225806451,0.1774193548387097,f4,1695.0526315789473,ges,4.0,62.0,11.0,bh4vm6o
0.0,0.5,0.1388888888888889,f0,468.0,ttl,2.0,36.0,5.0,bh4vm6o
0.0,0.42857142857142855,0.14285714285714285,f1,468.0,ttl,2.0,35.0,5.0,bh4vm6o
0.0,0.5714285714285714,0.17142857142857143,f2,468.0,ttl,2.0,35.0,6.0,bh4vm6o
0.0,0.4857142857142857,0.08571428571428572,f3,468.0,ttl,2.0,35.0,3.0,bh4vm6o
0.0,0.45714285714285713,0.08571428571428572,f4,468.0,ttl,2.0,35.0,3.0,bh4vm6o
0.0398406374501992,0.6153846153846154,0.17582417582417584,f0,504.05263157894734,acc,2.0,91.0,16.0,lm8ujtt
0.027888446215139442,0.4835164835164835,0.0989010989010989,f1,504.05263157894734,acc,2.0,91.0,9.0,lm8ujtt
0.027888446215139442,0.6483516483516484,0.2087912087912088,f2,504.05263157894734,acc,2.0,91.0,19.0,lm8ujtt
0.04780876494023904,0.45054945054945056,0.054945054945054944,f3,504.05263157894734,acc,2.0,91.0,5.0,lm8ujtt
0.043824701195219126,0.5111111111111111,0.1,f4,504.05263157894734,acc,2.0,90.0,9.0,lm8ujtt
0.3,0.4782608695652174,0.10869565217391304,f0,481.42105263157896,gyr,2.0,92.0,10.0,lm8ujtt
0.37916666666666665,0.5604395604395604,0.14285714285714285,f1,481.42105263157896,gyr,2.0,91.0,13.0,lm8ujtt
0.4083333333333333,0.5824175824175825,0.14285714285714285,f2,481.42105263157896,gyr,2.0,91.0,13.0,lm8ujtt
0.35833333333333334,0.5494505494505495,0.12087912087912088,f3,481.42105263157896,gyr,2.0,91.0,11.0,lm8ujtt
0.4041666666666667,0.5714285714285714,0.16483516483516483,f4,481.42105263157896,gyr,4.0,91.0,15.0,lm8ujtt
0.7851851851851852,0.5508982035928144,0.12574850299401197,f0,1667.578947368421,ges,2.0,167.0,21.0,lm8ujtt
0.8088888888888889,0.5988023952095808,0.16167664670658682,f1,1667.578947368421,ges,4.0,167.0,27.0,lm8ujtt
0.7762962962962963,0.47305389221556887,0.0718562874251497,f2,1667.578947368421,ges,2.0,167.0,12.0,lm8ujtt
0.7748148148148148,0.40963855421686746,0.060240963855421686,f3,1667.578947368421,ges,2.0,166.0,10.0,lm8ujtt
0.7896296296296297,0.46987951807228917,0.0963855421686747,f4,1667.578947368421,ges,2.0,166.0,16.0,lm8ujtt
0.0625,0.3626373626373626,0.04395604395604396,f0,453.36842105263156,ttl,2.0,91.0,4.0,lm8ujtt
0.08333333333333333,0.4945054945054945,0.08791208791208792,f1,453.36842105263156,ttl,2.0,91.0,8.0,lm8ujtt
0.07916666666666666,0.5604395604395604,0.15384615384615385,f2,453.36842105263156,ttl,2.0,91.0,14.0,lm8ujtt
0.0875,0.5054945054945055,0.10989010989010989,f3,453.36842105263156,ttl,2.0,91.0,10.0,lm8ujtt
0.1,0.4777777777777778,0.1111111111111111,f4,453.36842105263156,ttl,2.0,90.0,10.0,lm8ujtt
0.0,0.5217391304347826,0.13043478260869565,f0,491.7368421052632,acc,2.0,138.0,18.0,flidyt
0.0,0.5507246376811594,0.13768115942028986,f1,491.7368421052632,acc,2.0,138.0,19.0,flidyt
0.0,0.5507246376811594,0.14492753623188406,f2,491.7368421052632,acc,2.0,138.0,20.0,flidyt
0.0,0.6277372262773723,0.1897810218978102,f3,491.7368421052632,acc,2.0,137.0,26.0,flidyt
0.0,0.5401459854014599,0.1386861313868613,f4,491.7368421052632,acc,2.0,137.0,19.0,flidyt
0.0,0.5906040268456376,0.15436241610738255,f0,466.42105263157896,gyr,2.0,149.0,23.0,flidyt
0.0,0.527027027027027,0.11486486486486487,f1,466.42105263157896,gyr,2.0,148.0,17.0,flidyt
0.0,0.5405405405405406,0.11486486486486487,f2,466.42105263157896,gyr,2.0,148.0,17.0,flidyt
0.0,0.527027027027027,0.12162162162162163,f3,466.42105263157896,gyr,2.0,148.0,18.0,flidyt
0.0,0.5608108108108109,0.14189189189189189,f4,466.42105263157896,gyr,2.0,148.0,21.0,flidyt
0.0014814814814814814,0.315,0.015,f0,921.9473684210526,ges,2.0,3000.0,45.0,flidyt
0.0014814814814814814,0.311,0.013333333333333334,f1,921.9473684210526,ges,2.0,3000.0,40.0,flidyt
0.0014814814814814814,0.5803333333333334,0.143,f2,921.9473684210526,ges,2.0,3000.0,429.0,flidyt
0.0014814814814814814,0.321,0.013666666666666667,f3,921.9473684210526,ges,2.0,3000.0,41.0,flidyt
0.0014814814814814814,0.32166666666666666,0.016,f4,921.9473684210526,ges,2.0,3000.0,48.0,flidyt
0.0,0.2826086956521739,0.028985507246376812,f0,441.05263157894734,ttl,2.0,138.0,4.0,flidyt
0.0,0.2463768115942029,0.021739130434782608,f1,441.05263157894734,ttl,2.0,138.0,3.0,flidyt
0.0,0.2898550724637681,0.036231884057971016,f2,441.05263157894734,ttl,2.0,138.0,5.0,flidyt
0.0,0.24087591240875914,0.014598540145985401,f3,441.05263157894734,ttl,2.0,137.0,2.0,flidyt
0.0,0.2773722627737226,0.014598540145985401,f4,441.05263157894734,ttl,2.0,137.0,2.0,flidyt
0.0,0.5555555555555556,0.1388888888888889,f0,499.57894736842104,acc,2.0,108.0,15.0,52cxxgh
0.0,0.48148148148148145,0.09259259259259259,f1,499.57894736842104,acc,2.0,108.0,10.0,52cxxgh
0.0,0.6481481481481481,0.2037037037037037,f2,499.57894736842104,acc,2.0,108.0,22.0,52cxxgh
0.0,0.5555555555555556,0.1388888888888889,f3,499.57894736842104,acc,2.0,108.0,15.0,52cxxgh
0.0,0.4766355140186916,0.12149532710280374,f4,499.57894736842104,acc,2.0,107.0,13.0,52cxxgh
0.03333333333333333,0.5324675324675324,0.12987012987012986,f0,485.1578947368421,gyr,2.0,77.0,10.0,52cxxgh
0.0375,0.5844155844155844,0.16883116883116883,f1,485.1578947368421,gyr,2.0,77.0,13.0,52cxxgh
0.04583333333333333,0.6233766233766234,0.16883116883116883,f2,485.1578947368421,gyr,2.0,77.0,13.0,52cxxgh
0.0375,0.45454545454545453,0.07792207792207792,f3,485.1578947368421,gyr,2.0,77.0,6.0,52cxxgh
0.029166666666666667,0.5194805194805194,0.1038961038961039,f4,485.1578947368421,gyr,2.0,77.0,8.0,52cxxgh
0.45185185185185184,0.5590909090909091,0.12727272727272726,f0,1653.6842105263158,ges,2.0,220.0,28.0,52cxxgh
0.45185185185185184,0.5863636363636363,0.15,f1,1653.6842105263158,ges,2.0,220.0,33.0,52cxxgh
0.44,0.5296803652968036,0.1232876712328767,f2,1653.6842105263158,ges,2.0,219.0,27.0,52cxxgh
0.44,0.547945205479452,0.1324200913242009,f3,1653.6842105263158,ges,2.0,219.0,29.0,52cxxgh
0.45925925925925926,0.5068493150684932,0.0958904109589041,f4,1653.6842105263158,ges,2.0,219.0,21.0,52cxxgh
0.0,0.37662337662337664,0.03896103896103896,f0,457.0,ttl,2.0,77.0,3.0,52cxxgh
0.0,0.35064935064935066,0.012987012987012988,f1,457.0,ttl,2.0,77.0,1.0,52cxxgh
0.0,0.4025974025974026,0.03896103896103896,f2,457.0,ttl,2.0,77.0,3.0,52cxxgh
0.0,0.33766233766233766,0.03896103896103896,f3,457.0,ttl,2.0,77.0,3.0,52cxxgh
0.0,0.3246753246753247,0.012987012987012988,f4,457.0,ttl,2.0,77.0,1.0,52cxxgh
0.0,0.5757575757575758,0.1590909090909091,f0,493.2105263157895,acc,2.0,132.0,21.0,i6298h7
0.0,0.48484848484848486,0.09090909090909091,f1,493.2105263157895,acc,2.0,132.0,12.0,i6298h7
0.0,0.6060606060606061,0.1590909090909091,f2,493.2105263157895,acc,2.0,132.0,21.0,i6298h7
0.0,0.6439393939393939,0.19696969696969696,f3,493.2105263157895,acc,2.0,132.0,26.0,i6298h7
0.0,0.4696969696969697,0.09848484848484848,f4,493.2105263157895,acc,2.0,132.0,13.0,i6298h7
0.14166666666666666,0.5098039215686274,0.09803921568627451,f0,478.63157894736844,gyr,2.0,102.0,10.0,i6298h7
0.13333333333333333,0.6372549019607843,0.20588235294117646,f1,478.63157894736844,gyr,2.0,102.0,21.0,i6298h7
0.14583333333333334,0.4215686274509804,0.0784313725490196,f2,478.63157894736844,gyr,2.0,102.0,8.0,i6298h7
0.12916666666666668,0.5784313725490197,0.14705882352941177,f3,478.63157894736844,gyr,2.0,102.0,15.0,i6298h7
0.125,0.5148514851485149,0.1188118811881188,f4,478.63157894736844,gyr,2.0,101.0,12.0,i6298h7
0.7525925925925926,0.47368421052631576,0.06578947368421052,f0,1691.578947368421,ges,2.0,76.0,5.0,i6298h7
0.7555555555555555,0.47368421052631576,0.07894736842105263,f1,1691.578947368421,ges,2.0,76.0,6.0,i6298h7
0.7540740740740741,0.49333333333333335,0.08,f2,1691.578947368421,ges,2.0,75.0,6.0,i6298h7
0.7555555555555555,0.5466666666666666,0.13333333333333333,f3,1691.578947368421,ges,2.0,75.0,10.0,i6298h7
0.76,0.6266666666666667,0.18666666666666668,f4,1691.578947368421,ges,2.0,75.0,14.0,i6298h7
0.0,0.34210526315789475,0.02631578947368421,f0,457.42105263157896,ttl,2.0,76.0,2.0,i6298h7
0.0,0.4342105263157895,0.06578947368421052,f1,457.42105263157896,ttl,2.0,76.0,5.0,i6298h7
0.0,0.4,0.08,f2,457.42105263157896,ttl,2.0,75.0,6.0,i6298h7
0.0,0.56,0.12,f3,457.42105263157896,ttl,2.0,75.0,9.0,i6298h7
0.0,0.4,0.05333333333333334,f4,457.42105263157896,ttl,2.0,75.0,4.0,i6298h7
0.0,0.5106382978723404,0.10638297872340426,f0,515.7894736842105,acc,2.0,47.0,5.0,avudrey
0.0,0.43478260869565216,0.08695652173913043,f1,515.7894736842105,acc,2.0,46.0,4.0,avudrey
0.0,0.6304347826086957,0.1956521739130435,f2,515.7894736842105,acc,2.0,46.0,9.0,avudrey
0.0,0.5434782608695652,0.13043478260869565,f3,515.7894736842105,acc,2.0,46.0,6.0,avudrey
0.0,0.5652173913043478,0.13043478260869565,f4,515.7894736842105,acc,2.0,46.0,6.0,avudrey
0.24166666666666667,0.425531914893617,0.0851063829787234,f0,493.2631578947368,gyr,2.0,47.0,4.0,avudrey
0.25833333333333336,0.6086956521739131,0.15217391304347827,f1,493.2631578947368,gyr,2.0,46.0,7.0,avudrey
0.2625,0.6086956521739131,0.1956521739130435,f2,493.2631578947368,gyr,2.0,46.0,9.0,avudrey
0.24166666666666667,0.5434782608695652,0.08695652173913043,f3,493.2631578947368,gyr,2.0,46.0,4.0,avudrey
0.2625,0.5652173913043478,0.15217391304347827,f4,493.2631578947368,gyr,2.0,46.0,7.0,avudrey
0.5718518518518518,0.5445544554455446,0.13861386138613863,f0,1684.8947368421052,ges,2.0,101.0,14.0,avudrey
0.5555555555555556,0.45544554455445546,0.0594059405940594,f1,1684.8947368421052,ges,2.0,101.0,6.0,avudrey
0.56,0.5742574257425742,0.13861386138613863,f2,1684.8947368421052,ges,2.0,101.0,14.0,avudrey
0.5688888888888889,0.5445544554455446,0.12871287128712872,f3,1684.8947368421052,ges,2.0,101.0,13.0,avudrey
0.5703703703703704,0.55,0.14,f4,1684.8947368421052,ges,2.0,100.0,14.0,avudrey
0.0,0.3617021276595745,0.0,f0,465.10526315789474,ttl,2.0,47.0,0.0,avudrey
0.0,0.32608695652173914,0.043478260869565216,f1,465.10526315789474,ttl,2.0,46.0,2.0,avudrey
0.004166666666666667,0.2826086956521739,0.0,f2,465.10526315789474,ttl,2.0,46.0,0.0,avudrey
0.004166666666666667,0.391304347826087,0.043478260869565216,f3,465.10526315789474,ttl,2.0,46.0,2.0,avudrey
0.0,0.45652173913043476,0.06521739130434782,f4,465.10526315789474,ttl,2.0,46.0,3.0,avudrey
0.0,0.45454545454545453,0.030303030303030304,f0,519.4736842105264,acc,2.0,33.0,1.0,ok31npy
0.0,0.46875,0.0625,f1,519.4736842105264,acc,2.0,32.0,2.0,ok31npy
0.0,0.5625,0.125,f2,519.4736842105264,acc,2.0,32.0,4.0,ok31npy
0.0,0.6875,0.21875,f3,519.4736842105264,acc,2.0,32.0,7.0,ok31npy
0.0,0.53125,0.09375,f4,519.4736842105264,acc,2.0,32.0,3.0,ok31npy
0.2875,0.6060606060606061,0.15151515151515152,f0,496.89473684210526,gyr,2.0,33.0,5.0,ok31npy
0.2916666666666667,0.5151515151515151,0.06060606060606061,f1,496.89473684210526,gyr,2.0,33.0,2.0,ok31npy
0.2833333333333333,0.5,0.125,f2,496.89473684210526,gyr,2.0,32.0,4.0,ok31npy
0.2875,0.5,0.125,f3,496.89473684210526,gyr,2.0,32.0,4.0,ok31npy
0.30416666666666664,0.5625,0.09375,f4,496.89473684210526,gyr,2.0,32.0,3.0,ok31npy
0.7437037037037038,0.5277777777777778,0.125,f0,1692.6842105263158,ges,2.0,72.0,9.0,ok31npy
0.7348148148148148,0.5352112676056338,0.11267605633802817,f1,1692.6842105263158,ges,2.0,71.0,8.0,ok31npy
0.7451851851851852,0.5774647887323944,0.1267605633802817,f2,1692.6842105263158,ges,2.0,71.0,9.0,ok31npy
0.7525925925925926,0.6197183098591549,0.15492957746478872,f3,1692.6842105263158,ges,2.0,71.0,11.0,ok31npy
0.7362962962962963,0.4225352112676056,0.04225352112676056,f4,1692.6842105263158,ges,2.0,71.0,3.0,ok31npy
0.0,0.36363636363636365,0.0,f0,468.7894736842105,ttl,2.0,33.0,0.0,ok31npy
0.0,0.3125,0.0,f1,468.7894736842105,ttl,2.0,32.0,0.0,ok31npy
0.0,0.40625,0.0625,f2,468.7894736842105,ttl,2.0,32.0,2.0,ok31npy
0.0,0.46875,0.09375,f3,468.7894736842105,ttl,2.0,32.0,3.0,ok31npy
0.0,0.5,0.0625,f4,468.7894736842105,ttl,2.0,32.0,2.0,ok31npy
0.00796812749003984,0.5932203389830508,0.1864406779661017,f0,496.94736842105266,acc,2.0,118.0,22.0,9gx7uks
0.00796812749003984,0.5423728813559322,0.15254237288135594,f1,496.94736842105266,acc,2.0,118.0,18.0,9gx7uks
0.00796812749003984,0.576271186440678,0.17796610169491525,f2,496.94736842105266,acc,2.0,118.0,21.0,9gx7uks
0.0,0.4067796610169492,0.0847457627118644,f3,496.94736842105266,acc,2.0,118.0,10.0,9gx7uks
0.00796812749003984,0.5726495726495726,0.1794871794871795,f4,496.94736842105266,acc,2.0,117.0,21.0,9gx7uks
0.575,0.5275590551181102,0.13385826771653545,f0,472.2105263157895,gyr,2.0,127.0,17.0,9gx7uks
0.5791666666666667,0.5396825396825397,0.12698412698412698,f1,472.2105263157895,gyr,2.0,126.0,16.0,9gx7uks
0.575,0.5317460317460317,0.1349206349206349,f2,472.2105263157895,gyr,2.0,126.0,17.0,9gx7uks
0.5833333333333334,0.5793650793650794,0.1746031746031746,f3,472.2105263157895,gyr,2.0,126.0,22.0,9gx7uks
0.5708333333333333,0.47619047619047616,0.1111111111111111,f4,472.2105263157895,gyr,2.0,126.0,14.0,9gx7uks
0.6370370370370371,0.5360824742268041,0.10309278350515463,f0,1686.1052631578948,ges,51.0,97.0,10.0,9gx7uks
0.6207407407407407,0.59375,0.15625,f1,1686.1052631578948,ges,2.0,96.0,15.0,9gx7uks
0.6370370370370371,0.5729166666666666,0.13541666666666666,f2,1686.1052631578948,ges,4.0,96.0,13.0,9gx7uks
0.6103703703703703,0.5208333333333334,0.09375,f3,1686.1052631578948,ges,2.0,96.0,9.0,9gx7uks
0.6177777777777778,0.5520833333333334,0.13541666666666666,f4,1686.1052631578948,ges,2.0,96.0,13.0,9gx7uks
0.04583333333333333,0.5051546391752577,0.10309278350515463,f0,451.94736842105266,ttl,2.0,97.0,10.0,9gx7uks
0.025,0.4583333333333333,0.08333333333333333,f1,451.94736842105266,ttl,2.0,96.0,8.0,9gx7uks
0.041666666666666664,0.4791666666666667,0.09375,f2,451.94736842105266,ttl,2.0,96.0,9.0,9gx7uks
0.016666666666666666,0.3958333333333333,0.03125,f3,451.94736842105266,ttl,2.0,96.0,3.0,9gx7uks
0.041666666666666664,0.4479166666666667,0.07291666666666667,f4,451.94736842105266,ttl,2.0,96.0,7.0,9gx7uks
0.0,0.47651006711409394,0.12751677852348994,f0,488.94736842105266,acc,2.0,149.0,19.0,z8c5rtb
0.0,0.5878378378378378,0.18243243243243243,f1,488.94736842105266,acc,2.0,148.0,27.0,z8c5rtb
0.0,0.5405405405405406,0.1554054054054054,f2,488.94736842105266,acc,2.0,148.0,23.0,z8c5rtb
0.0,0.5337837837837838,0.13513513513513514,f3,488.94736842105266,acc,2.0,148.0,20.0,z8c5rtb
0.0,0.5675675675675675,0.16216216216216217,f4,488.94736842105266,acc,2.0,148.0,24.0,z8c5rtb
0.6041666666666666,0.6174496644295302,0.18120805369127516,f0,466.42105263157896,gyr,2.0,149.0,27.0,z8c5rtb
0.5708333333333333,0.4594594594594595,0.08108108108108109,f1,466.42105263157896,gyr,2.0,148.0,12.0,z8c5rtb
0.5875,0.5405405405405406,0.12837837837837837,f2,466.42105263157896,gyr,2.0,148.0,19.0,z8c5rtb
0.5666666666666667,0.5135135135135135,0.10810810810810811,f3,466.42105263157896,gyr,2.0,148.0,16.0,z8c5rtb
0.5708333333333333,0.6216216216216216,0.17567567567567569,f4,466.42105263157896,gyr,2.0,148.0,26.0,z8c5rtb
0.21037037037037037,0.11343804537521815,0.0017452006980802793,f0,1560.842105263158,ges,2.0,573.0,1.0,z8c5rtb
0.2637037037037037,0.12062937062937062,0.0,f1,1560.842105263158,ges,2.0,572.0,0.0,z8c5rtb
0.2859259259259259,0.12237762237762238,0.0034965034965034965,f2,1560.842105263158,ges,2.0,572.0,2.0,z8c5rtb
0.17185185185185184,0.06818181818181818,0.0,f3,1560.842105263158,ges,2.0,572.0,0.0,z8c5rtb
0.025185185185185185,0.012237762237762238,0.0,f4,1560.842105263158,ges,2.0,572.0,0.0,z8c5rtb
0.0,0.16778523489932887,0.0,f0,438.2631578947368,ttl,2.0,149.0,0.0,z8c5rtb
0.004166666666666667,0.19594594594594594,0.006756756756756757,f1,438.2631578947368,ttl,2.0,148.0,1.0,z8c5rtb
0.004166666666666667,0.2702702702702703,0.013513513513513514,f2,438.2631578947368,ttl,2.0,148.0,2.0,z8c5rtb
0.0,0.13513513513513514,0.0,f3,438.2631578947368,ttl,2.0,148.0,0.0,z8c5rtb
0.0,0.0,0.0,f4,438.2631578947368,ttl,2.0,148.0,0.0,z8c5rtb
0.00796812749003984,0.5,0.125,f0,502.6842105263158,acc,2.0,96.0,12.0,cn1lmwf
0.0,0.5625,0.15625,f1,502.6842105263158,acc,2.0,96.0,15.0,cn1lmwf
0.0,0.5104166666666666,0.11458333333333333,f2,502.6842105263158,acc,2.0,96.0,11.0,cn1lmwf
0.0,0.59375,0.1875,f3,502.6842105263158,acc,2.0,96.0,18.0,cn1lmwf
0.0,0.59375,0.17708333333333334,f4,502.6842105263158,acc,2.0,96.0,17.0,cn1lmwf
0.4375,0.34375,0.07291666666666667,f0,480.2631578947368,gyr,2.0,96.0,7.0,cn1lmwf
0.4666666666666667,0.59375,0.1875,f1,480.2631578947368,gyr,2.0,96.0,18.0,cn1lmwf
0.44583333333333336,0.5833333333333334,0.16666666666666666,f2,480.2631578947368,gyr,2.0,96.0,16.0,cn1lmwf
0.44583333333333336,0.5789473684210527,0.1368421052631579,f3,480.2631578947368,gyr,2.0,95.0,13.0,cn1lmwf
0.4583333333333333,0.6631578947368421,0.21052631578947367,f4,480.2631578947368,gyr,2.0,95.0,20.0,cn1lmwf
0.5392592592592592,0.5775862068965517,0.13793103448275862,f0,1680.8947368421052,ges,2.0,116.0,16.0,cn1lmwf
0.5362962962962963,0.5258620689655172,0.12931034482758622,f1,1680.8947368421052,ges,2.0,116.0,15.0,cn1lmwf
0.4577777777777778,0.47413793103448276,0.06896551724137931,f2,1680.8947368421052,ges,2.0,116.0,8.0,cn1lmwf
0.5422222222222223,0.5689655172413793,0.13793103448275862,f3,1680.8947368421052,ges,2.0,116.0,16.0,cn1lmwf
0.5377777777777778,0.5603448275862069,0.11206896551724138,f4,1680.8947368421052,ges,2.0,116.0,13.0,cn1lmwf
0.07083333333333333,0.3541666666666667,0.052083333333333336,f0,452.10526315789474,ttl,2.0,96.0,5.0,cn1lmwf
0.058333333333333334,0.4270833333333333,0.0625,f1,452.10526315789474,ttl,2.0,96.0,6.0,cn1lmwf
0.041666666666666664,0.3541666666666667,0.03125,f2,452.10526315789474,ttl,2.0,96.0,3.0,cn1lmwf
0.05,0.43157894736842106,0.05263157894736842,f3,452.10526315789474,ttl,2.0,95.0,5.0,cn1lmwf
0.04583333333333333,0.4842105263157895,0.08421052631578947,f4,452.10526315789474,ttl,2.0,95.0,8.0,cn1lmwf
0.0,0.5637583892617449,0.16778523489932887,f0,488.94736842105266,acc,2.0,149.0,25.0,r13q05q
0.0,0.5405405405405406,0.1554054054054054,f1,488.94736842105266,acc,2.0,148.0,23.0,r13q05q
0.0,0.5945945945945946,0.18243243243243243,f2,488.94736842105266,acc,2.0,148.0,27.0,r13q05q
0.0,0.5,0.14189189189189189,f3,488.94736842105266,acc,2.0,148.0,21.0,r13q05q
0.0,0.5878378378378378,0.18243243243243243,f4,488.94736842105266,acc,2.0,148.0,27.0,r13q05q
0.14583333333333334,0.5431034482758621,0.12931034482758622,f0,474.94736842105266,gyr,2.0,116.0,15.0,r13q05q
0.13333333333333333,0.5344827586206896,0.14655172413793102,f1,474.94736842105266,gyr,2.0,116.0,17.0,r13q05q
0.13333333333333333,0.49137931034482757,0.11206896551724138,f2,474.94736842105266,gyr,2.0,116.0,13.0,r13q05q
0.1375,0.5344827586206896,0.1206896551724138,f3,474.94736842105266,gyr,2.0,116.0,14.0,r13q05q
0.14166666666666666,0.5826086956521739,0.1565217391304348,f4,474.94736842105266,gyr,2.0,115.0,18.0,r13q05q
0.7733333333333333,0.5641025641025641,0.1282051282051282,f0,1691.1052631578948,ges,2.0,78.0,10.0,r13q05q
0.7748148148148148,0.5454545454545454,0.1038961038961039,f1,1691.1052631578948,ges,2.0,77.0,8.0,r13q05q
0.7777777777777778,0.5714285714285714,0.11688311688311688,f2,1691.1052631578948,ges,2.0,77.0,9.0,r13q05q
0.7748148148148148,0.5064935064935064,0.1038961038961039,f3,1691.1052631578948,ges,2.0,77.0,8.0,r13q05q
0.7733333333333333,0.5584415584415584,0.12987012987012986,f4,1691.1052631578948,ges,2.0,77.0,10.0,r13q05q
0.0,0.5769230769230769,0.15384615384615385,f0,456.94736842105266,ttl,2.0,78.0,12.0,r13q05q
0.0,0.5324675324675324,0.09090909090909091,f1,456.94736842105266,ttl,2.0,77.0,7.0,r13q05q
0.0,0.5454545454545454,0.15584415584415584,f2,456.94736842105266,ttl,2.0,77.0,12.0,r13q05q
0.0,0.4675324675324675,0.07792207792207792,f3,456.94736842105266,ttl,2.0,77.0,6.0,r13q05q
0.0,0.5844155844155844,0.15584415584415584,f4,456.94736842105266,ttl,2.0,77.0,12.0,r13q05q
0.16733067729083664,0.5370370370370371,0.1111111111111111,f0,499.5263157894737,acc,2.0,108.0,12.0,l3rcqx4
0.17928286852589642,0.5925925925925926,0.18518518518518517,f1,499.5263157894737,acc,2.0,108.0,20.0,l3rcqx4
0.199203187250996,0.6296296296296297,0.2037037037037037,f2,499.5263157894737,acc,2.0,108.0,22.0,l3rcqx4
0.16733067729083664,0.5,0.12037037037037036,f3,499.5263157894737,acc,2.0,108.0,13.0,l3rcqx4
0.16733067729083664,0.49074074074074076,0.10185185185185185,f4,499.5263157894737,acc,2.0,108.0,11.0,l3rcqx4
0.14583333333333334,0.5754716981132075,0.16981132075471697,f0,477.7368421052632,gyr,2.0,106.0,18.0,l3rcqx4
0.15,0.6857142857142857,0.21904761904761905,f1,477.7368421052632,gyr,2.0,105.0,23.0,l3rcqx4
0.1375,0.5142857142857142,0.12380952380952381,f2,477.7368421052632,gyr,2.0,105.0,13.0,l3rcqx4
0.14166666666666666,0.5047619047619047,0.11428571428571428,f3,477.7368421052632,gyr,2.0,105.0,12.0,l3rcqx4
0.13333333333333333,0.41904761904761906,0.05714285714285714,f4,477.7368421052632,gyr,2.0,105.0,6.0,l3rcqx4
0.5837037037037037,0.5469387755102041,0.11836734693877551,f0,1647.157894736842,ges,2.0,245.0,29.0,l3rcqx4
0.557037037037037,0.5573770491803278,0.13524590163934427,f1,1647.157894736842,ges,2.0,244.0,33.0,l3rcqx4
0.5762962962962963,0.5163934426229508,0.10245901639344263,f2,1647.157894736842,ges,2.0,244.0,25.0,l3rcqx4
0.5837037037037037,0.639344262295082,0.18442622950819673,f3,1647.157894736842,ges,2.0,244.0,45.0,l3rcqx4
0.5762962962962963,0.5081967213114754,0.0942622950819672,f4,1647.157894736842,ges,2.0,244.0,23.0,l3rcqx4
0.03333333333333333,0.5283018867924528,0.1509433962264151,f0,449.57894736842104,ttl,2.0,106.0,16.0,l3rcqx4
0.041666666666666664,0.47619047619047616,0.09523809523809523,f1,449.57894736842104,ttl,2.0,105.0,10.0,l3rcqx4
0.0375,0.38095238095238093,0.047619047619047616,f2,449.57894736842104,ttl,2.0,105.0,5.0,l3rcqx4
0.025,0.4857142857142857,0.10476190476190476,f3,449.57894736842104,ttl,2.0,105.0,11.0,l3rcqx4
0.020833333333333332,0.3523809523809524,0.06666666666666667,f4,449.57894736842104,ttl,2.0,105.0,7.0,l3rcqx4
0.10740740740740741,0.5098039215686274,0.11764705882352941,f0,514.7368421052631,acc,7.0,51.0,6.0,ldg6zjk
0.12777777777777777,0.42,0.08,f1,514.7368421052631,acc,7.0,50.0,4.0,ldg6zjk
0.12777777777777777,0.58,0.16,f2,514.7368421052631,acc,7.0,50.0,8.0,ldg6zjk
0.13333333333333333,0.72,0.28,f3,514.7368421052631,acc,7.0,50.0,14.0,ldg6zjk
0.13148148148148148,0.54,0.12,f4,514.7368421052631,acc,7.0,50.0,6.0,ldg6zjk
0.1920152091254753,0.7083333333333334,0.25,f0,492.7894736842105,gyr,2.0,48.0,12.0,ldg6zjk
0.17490494296577946,0.3958333333333333,0.020833333333333332,f1,492.7894736842105,gyr,2.0,48.0,1.0,ldg6zjk
0.19011406844106463,0.5625,0.10416666666666667,f2,492.7894736842105,gyr,2.0,48.0,5.0,ldg6zjk
0.16159695817490494,0.5625,0.16666666666666666,f3,492.7894736842105,gyr,2.0,48.0,8.0,ldg6zjk
0.1806083650190114,0.4791666666666667,0.08333333333333333,f4,492.7894736842105,gyr,2.0,48.0,4.0,ldg6zjk
0.5085995085995086,0.5185185185185185,0.11851851851851852,f0,1675.8947368421052,ges,16.0,135.0,16.0,ldg6zjk
0.5085995085995086,0.562962962962963,0.14814814814814814,f1,1675.8947368421052,ges,16.0,135.0,20.0,ldg6zjk
0.5397215397215397,0.6074074074074074,0.15555555555555556,f2,1675.8947368421052,ges,16.0,135.0,21.0,ldg6zjk
0.4381654381654382,0.5259259259259259,0.1037037037037037,f3,1675.8947368421052,ges,16.0,135.0,14.0,ldg6zjk
0.5094185094185094,0.5185185185185185,0.0962962962962963,f4,1675.8947368421052,ges,16.0,135.0,13.0,ldg6zjk
0.049429657794676805,0.5625,0.14583333333333334,f0,464.63157894736844,ttl,2.0,48.0,7.0,ldg6zjk
0.043726235741444866,0.1875,0.0,f1,464.63157894736844,ttl,2.0,48.0,0.0,ldg6zjk
0.049429657794676805,0.4791666666666667,0.0625,f2,464.63157894736844,ttl,2.0,48.0,3.0,ldg6zjk
0.043726235741444866,0.5,0.10416666666666667,f3,464.63157894736844,ttl,2.0,48.0,5.0,ldg6zjk
0.051330798479087454,0.4791666666666667,0.0625,f4,464.63157894736844,ttl,2.0,48.0,3.0,ldg6zjk
